20:02:24. 24276294,59957,42.00,1,0.00,
20:02:24.518274474,59958,42.00,1,0.00,
20:02:25. 23515710,59958,42.00,1,0.00,
20:02:25.525795575,59958,42.00,1,0.00,
20:02:26. 19835918,59958,42.00,1,0.00,
20:02:26.525678311,59958,42.00,1,0.00,
20:02:27. 28462288,59957,42.00,1,0.00,
20:02:27.521492525,59957,42.00,1,0.00,
20:02:28. 20192078,59957,42.00,1,0.00,
20:02:28.525327401,59957,42.00,1,0.00,
20:02:29. 21491892,59958,42.00,1,0.00,
20:02:29.515790198,59958,42.00,1,0.00,
20:02:30. 19958285,59958,42.00,1,0.00,
20:02:30.524160898,59958,42.00,1,0.00,
20:02:31. 18150335,59958,42.00,1,0.00,
20:02:31.522462392,59957,42.00,1,0.00,
20:02:32. 16662987,59957,42.00,1,0.00,
20:02:32.521348001,59958,42.00,1,0.00,
20:02:33. 15687848,59958,42.00,1,0.00,
20:02:33.519665733,59958,42.00,1,0.00,
20:02:34. 23903712,59958,42.00,1,0.00,
20:02:34.517998650,59958,42.00,1,0.00,
20:02:35. 22396212,59958,42.00,1,0.00,
20:02:35.517191637,59957,42.00,1,0.00,
20:02:36. 21568361,59957,42.00,1,0.00,
20:02:36.515397130,59957,42.00,1,0.00,
20:02:37. 19782222,59956,42.00,1,0.00,
20:02:37.523270561,59956,42.00,1,0.00,
20:02:38. 16646188,59957,42.00,1,0.00,
20:02:38.520299243,59956,42.00,1,0.00,
20:02:39. 23532592,59957,42.00,1,0.00,
20:02:39.517047332,59957,42.00,1,0.00,
20:02:40. 20813920,59957,42.00,1,0.00,
20:02:40.514302233,59957,42.00,1,0.00,
20:02:41. 17862443,59956,42.00,1,0.00,
20:02:41.521874264,59957,42.00,1,0.00,
20:02:42. 15559442,59957,42.00,1,0.00,
20:02:42.519532779,59957,42.00,1,0.00,
20:02:43. 13449522,59957,42.00,1,0.00,
20:02:43.517424440,59957,42.00,1,0.00,
20:02:44. 21211702,59958,42.00,1,0.00,
20:02:44.514904173,59958,42.00,1,0.00,
20:02:45. 18849757,59958,42.00,1,0.00,
20:02:45.514525656,59958,42.00,1,0.00,
20:02:46. 18390913,59957,42.00,1,0.00,
20:02:46.512288629,59958,42.00,1,0.00,
20:02:47. 15561810,59957,42.00,1,0.00,
20:02:47.519201131,59958,42.00,1,0.00,
20:02:48. 12619256,59957,42.00,1,0.00,
20:02:48.516475429,59957,42.00,1,0.00,
20:02:49.  9998274,59958,42.00,1,0.00,
20:02:49.513675820,59959,42.00,1,0.00,
20:02:50. 17012171,59959,42.00,1,0.00,
20:02:50.510225697,59958,42.00,1,0.00,
20:02:51. 13710024,59958,42.00,1,0.00,
20:02:51.517280264,59958,42.00,1,0.00,
20:02:52. 10659342,59958,42.00,1,0.00,
20:02:52.514509698,59959,42.00,1,0.00,
20:02:53. 18145406,59959,42.00,1,0.00,
20:02:53.511829697,59960,42.00,1,0.00,
20:02:54. 15697803,59960,42.00,1,0.00,
20:02:54.509469169,59961,42.00,1,0.00,
20:02:55. 13261778,59961,42.00,1,0.00,
20:02:55.516843271,59961,42.00,1,0.00,
20:02:56. 10377424,59961,42.00,1,0.00,
20:02:56.514154627,59961,42.00,1,0.00,
20:02:57. 17455148,59962,42.00,1,0.00,
20:02:57.511148526,59962,42.00,1,0.00,
20:02:58. 14602178,59963,42.00,1,0.00,
20:02:58.518114475,59962,42.00,1,0.00,
20:02:59. 11991425,59962,42.00,1,0.00,
20:02:59.515391496,59963,42.00,1,0.00,
20:03:00.  9233073,59963,42.00,1,0.00,
20:03:00.512775122,59963,42.00,1,0.00,
20:03:01. 16894104,59963,42.00,1,0.00,
20:03:01.510403518,59962,42.00,1,0.00,
20:03:02. 14450406,59962,42.00,1,0.00,
20:03:02.518126944,59962,42.00,1,0.00,
20:03:03. 12054668,59962,42.00,1,0.00,
20:03:03.515874207,59961,42.00,1,0.00,
20:03:04.  9934499,59961,42.00,1,0.00,
20:03:04.513625834,59961,42.00,1,0.00,
20:03:05. 17494227,59961,42.00,1,0.00,
20:03:05.511109137,59961,42.00,1,0.00,
20:03:06. 14415023,59961,42.00,1,0.00,
20:03:06.518280476,59961,42.00,1,0.00,
20:03:07. 12128568,59962,42.00,1,0.00,
20:03:07.515695749,59963,42.00,1,0.00,
20:03:08.  9621716,59963,42.00,1,0.00,
20:03:08.513474242,59963,42.00,1,0.00,
20:03:09. 17548499,59963,42.00,1,0.00,
20:03:09.511426851,59962,42.00,1,0.00,
20:03:10. 15286608,59962,42.00,1,0.00,
20:03:10.508821405,59961,42.00,1,0.00,
20:03:11. 12110012,59962,42.00,1,0.00,
20:03:11.515581415,59962,42.00,1,0.00,
20:03:12.  9239992,59962,42.00,1,0.00,
20:03:12.513447136,59962,42.00,1,0.00,
20:03:13. 17439841,59961,42.00,1,0.00,
20:03:13.510973767,59961,42.00,1,0.00,
20:03:14. 14403501,59961,42.00,1,0.00,
20:03:14.517998341,59962,42.00,1,0.00,
20:03:15. 12020385,59962,42.00,1,0.00,
20:03:15.515945984,59962,42.00,1,0.00,
20:03:16.  9548426,59962,42.00,1,0.00,
20:03:16.513143080,59962,42.00,1,0.00,
20:03:17.  6988103,59963,42.00,1,0.00,
20:03:17.510830660,59963,42.00,1,0.00,
20:03:18. 14065918,59964,42.00,1,0.00,
20:03:18.508530520,59964,42.00,1,0.00,
20:03:19. 12142821,59964,42.00,1,0.00,
20:03:19.506069808,59963,42.00,1,0.00,
20:03:20.  9493491,59963,42.00,1,0.00,
20:03:20.513556346,59963,42.00,1,0.00,
20:03:21.  7078885,59963,42.00,1,0.00,
20:03:21.511033561,59963,42.00,1,0.00,
20:03:22.  4577307,59963,42.00,1,0.00,
20:03:22.508350896,59963,42.00,1,0.00,
20:03:23. 11801109,59964,42.00,1,0.00,
20:03:23.505653166,59965,42.00,1,0.00,
20:03:24.  9696424,59965,42.00,1,0.00,
20:03:24.513712213,59966,42.00,1,0.00,
20:03:25.  7258336,59966,42.00,1,0.00,
20:03:25.510896221,59965,42.00,1,0.00,
20:03:26. 14186029,59966,42.00,1,0.00,
20:03:26.507734664,59966,42.00,1,0.00,
20:03:27. 11536359,59965,42.00,1,0.00,
20:03:27.505326847,59965,42.00,1,0.00,
20:03:28.  9245702,59965,42.00,1,0.00,
20:03:28.512914487,59965,42.00,1,0.00,
20:03:29.  6526601,59965,42.00,1,0.00,
20:03:29.510173050,59965,42.00,1,0.00,
20:03:30. 14091837,59965,42.00,1,0.00,
20:03:30.508223623,59965,42.00,1,0.00,
20:03:31. 11493204,59965,42.00,1,0.00,
20:03:31.505015017,59965,42.00,1,0.00,
20:03:32.  8615258,59964,42.00,1,0.00,
20:03:32.512330333,59963,42.00,1,0.00,
20:03:33.  6099773,59962,42.00,1,0.00,
20:03:33.510068734,59962,42.00,1,0.00,
20:03:34. 13894154,59962,42.00,1,0.00,
20:03:34.507602073,59962,42.00,1,0.00,
20:03:35. 11630042,59962,42.00,1,0.00,
20:03:35.504987891,59961,42.00,1,0.00,
20:03:36.  8815092,59961,42.00,1,0.00,
20:03:36.513020441,59962,42.00,1,0.00,
20:03:37.  6740852,59962,42.00,1,0.00,
20:03:37.510324767,59962,42.00,1,0.00,
20:03:38.  4011321,59962,42.00,1,0.00,
20:03:38.507766635,59963,42.00,1,0.00,
20:03:39. 11225377,59963,42.00,1,0.00,
20:03:39.504696144,59963,42.00,1,0.00,
20:03:40.  8843329,59964,42.00,1,0.00,
20:03:40.502459471,59964,42.00,1,0.00,
20:03:41.  6182717,59964,42.00,1,0.00,
20:03:41.510051931,59964,42.00,1,0.00,
20:03:42.  4028469,59965,42.00,1,0.00,
20:03:42.508246096,59965,42.00,1,0.00,
20:03:43.  2315812,59966,42.00,1,0.00,
20:03:43.506371781,59967,42.00,1,0.00,
20:03:44. 10623395,59967,42.00,1,0.00,
20:03:44.504826036,59967,42.00,1,0.00,
20:03:45.  8716456,59967,42.00,1,0.00,
20:03:45.502737631,59967,42.00,1,0.00,
20:03:46.  5986992,59968,42.00,1,0.00,
20:03:46.509971950,59968,42.00,1,0.00,
20:03:47.  4015639,59967,42.00,1,0.00,
20:03:47.507511405,59967,42.00,1,0.00,
20:03:48. 10835712,59967,42.00,1,0.00,
20:03:48.504373775,59968,42.00,1,0.00,
20:03:49.  8099295,59969,42.00,1,0.00,
20:03:49.501879507,59969,42.00,1,0.00,
20:03:50.  5823102,59969,42.00,1,0.00,
20:03:50.509667827,59968,42.00,1,0.00,
20:03:51.  3007047,59969,42.00,1,0.00,
20:03:51.507068527,59969,42.00,1,0.00,
20:03:52. 10945658,59969,42.00,1,0.00,
20:03:52.504559695,59970,42.00,1,0.00,
20:03:53.  8541514,59969,42.00,1,0.00,
20:03:53.501965103,59969,42.00,1,0.00,
20:03:54.  5758106,59969,42.00,1,0.00,
20:03:54.509176489,59970,42.00,1,0.00,
20:03:55.  2981642,59970,42.00,1,0.00,
20:03:55.506976431,59969,42.00,1,0.00,
20:03:56. 10572289,59969,42.00,1,0.00,
20:03:56.504407482,59969,42.00,1,0.00,
20:03:57.  8399114,59969,42.00,1,0.00,
20:03:57.501866267,59970,42.00,1,0.00,
20:03:58.  5658694,59970,42.00,1,0.00,
20:03:58.509291984,59969,42.00,1,0.00,
20:03:59.  2532650,59969,42.00,1,0.00,
20:03:59.505893289,59969,42.00,1,0.00,
20:04:00.  9980295,59969,42.00,1,0.00,
20:04:00.503849464,59969,42.00,1,0.00,
20:04:01.  7510990,59969,42.00,1,0.00,
20:04:01.501086572,59969,42.00,1,0.00,
20:04:02.  4568726,59969,42.00,1,0.00,
20:04:02.508000130,59968,42.00,1,0.00,
20:04:03.  1405647,59968,42.00,1,0.00,
20:04:03.504570739,59967,42.00,1,0.00,
20:04:04.  8524645,59968,42.00,1,0.00,
20:04:04.502273804,59968,42.00,1,0.00,
20:04:05.  5780473,59968,42.00,1,0.00,
20:04:05.500684522,59968,42.00,1,0.00,
20:04:06.  4056644,59967,42.00,1,0.00,
20:04:06.507918599,59967,42.00,1,0.00,
20:04:07.  1920856,59966,42.00,1,0.00,
20:04:07.505012430,59966,42.00,1,0.00,
20:04:08.  8198928,59966,42.00,1,0.00,
20:04:08.505037197,59966,42.00,1,0.00,
20:04:09.  9862448,59966,42.00,1,0.00,
20:04:09.504604423,59966,42.00,1,0.00,
20:04:10.  8428053,59965,42.00,1,0.00,
20:04:10.502160425,59965,42.00,1,0.00,
20:04:11.  6693616,59965,42.00,1,0.00,
20:04:11.510167321,59965,42.00,1,0.00,
20:04:12.  3796125,59966,42.00,1,0.00,
20:04:12.507695020,59966,42.00,1,0.00,
20:04:13.  1577907,59966,42.00,1,0.00,
20:04:13.505629587,59966,42.00,1,0.00,
20:04:14.  9634920,59966,42.00,1,0.00,
20:04:14.503713231,59966,42.00,1,0.00,
20:04:15.  7707343,59967,42.00,1,0.00,
20:04:15.501692232,59967,42.00,1,0.00,
20:04:16.  5725554,59968,42.00,1,0.00,
20:04:16.509565615,59968,42.00,1,0.00,
20:04:17.  3147459,59968,42.00,1,0.00,
20:04:17.506974384,59968,42.00,1,0.00,
20:04:18. 10612566,59968,42.00,1,0.00,
20:04:18.504490653,59968,42.00,1,0.00,
20:04:19.  8345958,59968,42.00,1,0.00,
20:04:19.502139038,59967,42.00,1,0.00,
20:04:20.  6486000,59968,42.00,1,0.00,
20:04:20.510481832,59967,42.00,1,0.00,
20:04:21.  4291272,59967,42.00,1,0.00,
20:04:21.508266485,59966,42.00,1,0.00,
20:04:22.  1451555,59966,42.00,1,0.00,
20:04:22.505097190,59965,42.00,1,0.00,
20:04:23.  9428859,59965,42.00,1,0.00,
20:04:23.503193922,59964,42.00,1,0.00,
20:04:24.  7167631,59964,42.00,1,0.00,
20:04:24.510901625,59964,42.00,1,0.00,
20:04:25.  4814054,59964,42.00,1,0.00,
20:04:25.508678754,59964,42.00,1,0.00,
20:04:26.  2605288,59965,42.00,1,0.00,
20:04:26.506581944,59964,42.00,1,0.00,
20:04:27. 10482539,59964,42.00,1,0.00,
20:04:27.504497441,59963,42.00,1,0.00,
20:04:28.  8302174,59964,42.00,1,0.00,
20:04:28.502233346,59964,42.00,1,0.00,
20:04:29.  6210523,59964,42.00,1,0.00,
20:04:29.499657845,59964,42.00,1,0.00,
20:04:30.  3535456,59963,42.00,1,0.00,
20:04:30.507610633,59963,42.00,1,0.00,
20:04:31.  1620862,59963,42.00,1,0.00,
20:04:31.505668975,59963,42.00,1,0.00,
20:04:31.999687558,59963,42.00,1,0.00,
20:04:32.504051476,59962,42.00,1,0.00,
20:04:33.  8591945,59961,42.00,1,0.00,
20:04:33.503376670,59961,42.00,1,0.00,
20:04:34.  7373839,59961,42.00,1,0.00,
20:04:34.501258849,59962,42.00,1,0.00,
20:04:35.  5084635,59962,42.00,1,0.00,
20:04:35.508981072,59961,42.00,1,0.00,
20:04:36.  2663561,59960,42.00,1,0.00,
20:04:36.506533100,59960,42.00,1,0.00,
20:04:37.   450948,59959,42.00,1,0.00,
20:04:37.504516771,59959,42.00,1,0.00,
20:04:38.  8465521,59959,42.00,1,0.00,
20:04:38.502142644,59958,42.00,1,0.00,
20:04:39.  6336750,59958,42.00,1,0.00,
20:04:39.500617321,59957,42.00,1,0.00,
20:04:40.  4381128,59957,42.00,1,0.00,
20:04:40.508248304,59956,42.00,1,0.00,
20:04:41.  1384880,59955,42.00,1,0.00,
20:04:41.504837545,59954,42.00,1,0.00,
20:04:42.  8112872,59953,42.00,1,0.00,
20:04:42.502000317,59953,42.00,1,0.00,
20:04:43.  6015737,59953,42.00,1,0.00,
20:04:43.500326282,59954,42.00,1,0.00,
20:04:44.  3968515,59954,42.00,1,0.00,
20:04:44.507752739,59954,42.00,1,0.00,
20:04:45.  1463579,59953,42.00,1,0.00,
20:04:45.505467137,59952,42.00,1,0.00,
20:04:46.  8892388,59952,42.00,1,0.00,
20:04:46.502901490,59952,42.00,1,0.00,
20:04:47.  6954911,59953,42.00,1,0.00,
20:04:47.500658904,59953,42.00,1,0.00,
20:04:48.  4432880,59954,42.00,1,0.00,
20:04:48.508654929,59955,42.00,1,0.00,
20:04:49.  2362068,59955,42.00,1,0.00,
20:04:49.505897960,59955,42.00,1,0.00,
20:04:49.999725277,59955,42.00,1,0.00,
20:04:50.503629764,59954,42.00,1,0.00,
20:04:50.997348192,59953,42.00,1,0.00,
20:04:51.501251633,59953,42.00,1,0.00,
20:04:52.  4966970,59954,42.00,1,0.00,
20:04:52.498685639,59954,42.00,1,0.00,
20:04:53.  2560878,59954,42.00,1,0.00,
20:04:53.498694458,59954,42.00,1,0.00,
20:04:54.  2344077,59953,42.00,1,0.00,
20:04:54.506146995,59951,42.00,1,0.00,
20:04:54.999847174,59951,42.00,1,0.00,
20:04:55.503037563,59950,42.00,1,0.00,
20:04:56.  6452513,59950,42.00,1,0.00,
20:04:56.499729138,59950,42.00,1,0.00,
20:04:57.  3325921,59950,42.00,1,0.00,
20:04:57.506874973,59949,42.00,1,0.00,
20:04:58.   667473,59947,42.00,1,0.00,
20:04:58.504551898,59946,42.00,1,0.00,
20:04:58.998012611,59945,42.00,1,0.00,
20:04:59.503125023,59945,42.00,1,0.00,
20:04:59.996824942,59944,42.00,1,0.00,
20:05:00.500190831,59943,42.00,1,0.00,
20:05:01.  3909191,59943,42.00,1,0.00,
20:05:01.497754840,59942,42.00,1,0.00,
20:05:02.  2014035,59942,42.00,1,0.00,
20:05:02.505834348,59942,42.00,1,0.00,
20:05:02.999288997,59942,42.00,1,0.00,
20:05:03.502685764,59941,42.00,1,0.00,
20:05:03.996022759,59941,42.00,1,0.00,
20:05:04.500173484,59941,42.00,1,0.00,
20:05:05.  3606635,59940,42.00,1,0.00,
20:05:05.496844530,59940,42.00,1,0.00,
20:05:06.   402482,59941,42.00,1,0.00,
20:05:06.503687602,59941,42.00,1,0.00,
20:05:06.997512985,59941,42.00,1,0.00,
20:05:07.501788919,59941,42.00,1,0.00,
20:05:07.994979616,59941,42.00,1,0.00,
20:05:08.498595052,59942,42.00,1,0.00,
20:05:09.  3809827,59942,42.00,1,0.00,
20:05:09.497313491,59942,42.00,1,0.00,
20:05:10.  2633191,59942,42.00,1,0.00,
20:05:10.496514835,59943,42.00,1,0.00,
20:05:11.   436930,59944,42.00,1,0.00,
20:05:11.504049540,59944,42.00,1,0.00,
20:05:11.997954732,59945,42.00,1,0.00,
20:05:12.502100480,59945,42.00,1,0.00,
20:05:12.996079962,59945,42.00,1,0.00,
20:05:13.500228670,59945,42.00,1,0.00,
20:05:13.994175325,59945,42.00,1,0.00,
20:05:14.498177911,59945,42.00,1,0.00,
20:05:15.  2180805,59946,42.00,1,0.00,
20:05:15.496070405,59946,42.00,1,0.00,
20:05:16.   162860,59946,42.00,1,0.00,
20:05:16.494103272,59946,42.00,1,0.00,
20:05:16.998369716,59947,42.00,1,0.00,
20:05:17.492178302,59947,42.00,1,0.00,
20:05:17.996054961,59948,42.00,1,0.00,
20:05:18.500098194,59948,42.00,1,0.00,
20:05:18.993700023,59948,42.00,1,0.00,
20:05:19.497674619,59948,42.00,1,0.00,
20:05:19.991505631,59949,42.00,1,0.00,
20:05:20.495247351,59949,42.00,1,0.00,
20:05:20.999048769,59950,42.00,1,0.00,
20:05:21.493050022,59950,42.00,1,0.00,
20:05:21.997134049,59950,42.00,1,0.00,
20:05:22.490815501,59950,42.00,1,0.00,
20:05:22.994902109,59951,42.00,1,0.00,
20:05:23.498745854,59951,42.00,1,0.00,
20:05:23.992578211,59951,42.00,1,0.00,
20:05:24.496287461,59951,42.00,1,0.00,
20:05:24.989761497,59951,42.00,1,0.00,
20:05:25.493729133,59951,42.00,1,0.00,
20:05:25.997420990,59951,42.00,1,0.00,
20:05:26.491229397,59951,42.00,1,0.00,
20:05:26.994957378,59951,42.00,1,0.00,
20:05:27.498869383,59951,42.00,1,0.00,
20:05:27.992450716,59952,42.00,1,0.00,
20:05:28.496609240,59952,42.00,1,0.00,
20:05:28.990221467,59952,42.00,1,0.00,
20:05:29.494324421,59952,42.00,1,0.00,
20:05:29.998416988,59952,42.00,1,0.00,
20:05:30.492158269,59951,42.00,1,0.00,
20:05:30.996072601,59951,42.00,1,0.00,
20:05:31.499546043,59951,42.00,1,0.00,
20:05:31.992866465,59951,42.00,1,0.00,
20:05:32.496173039,59952,42.00,1,0.00,
20:05:32.989556815,59952,42.00,1,0.00,
20:05:33.493592927,59951,42.00,1,0.00,
20:05:33.997508945,59951,42.00,1,0.00,
20:05:34.491014830,59951,42.00,1,0.00,
20:05:34.994381657,59951,42.00,1,0.00,
20:05:35.497957363,59951,42.00,1,0.00,
20:05:35.991524608,59951,42.00,1,0.00,
20:05:36.495038240,59951,42.00,1,0.00,
20:05:36.998653180,59952,42.00,1,0.00,
20:05:37.492445261,59952,42.00,1,0.00,
20:05:37.995972786,59953,42.00,1,0.00,
20:05:38.499453879,59954,42.00,1,0.00,
20:05:38.993193975,59954,42.00,1,0.00,
20:05:39.497240439,59954,42.00,1,0.00,
20:05:39.990899489,59954,42.00,1,0.00,
20:05:40.494646376,59954,42.00,1,0.00,
20:05:40.998899939,59953,42.00,1,0.00,
20:05:41.492201018,59953,42.00,1,0.00,
20:05:41.995749588,59953,42.00,1,0.00,
20:05:42.489545925,59953,42.00,1,0.00,
20:05:42.993002833,59953,42.00,1,0.00,
20:05:43.496500876,59952,42.00,1,0.00,
20:05:43.990937073,59952,42.00,1,0.00,
20:05:44.494646431,59952,42.00,1,0.00,
20:05:44.998555166,59953,42.00,1,0.00,
20:05:45.491855308,59954,42.00,1,0.00,
20:05:45.995219416,59953,42.00,1,0.00,
20:05:46.499324053,59954,42.00,1,0.00,
20:05:46.992473962,59953,42.00,1,0.00,
20:05:47.495754459,59952,42.00,1,0.00,
20:05:47.989851619,59953,42.00,1,0.00,
20:05:48.493622731,59953,42.00,1,0.00,
20:05:48.997718907,59954,42.00,1,0.00,
20:05:49.491644361,59954,42.00,1,0.00,
20:05:49.995519586,59955,42.00,1,0.00,
20:05:50.499282165,59956,42.00,1,0.00,
20:05:50.993102159,59958,42.00,1,0.00,
20:05:51.497014811,59959,42.00,1,0.00,
20:05:51.990869297,59959,42.00,1,0.00,
20:05:52.494872834,59958,42.00,1,0.00,
20:05:52.998861385,59958,42.00,1,0.00,
20:05:53.492765746,59958,42.00,1,0.00,
20:05:53.996782693,59958,42.00,1,0.00,
20:05:54.491653180,59958,42.00,1,0.00,
20:05:54.995096617,59959,42.00,1,0.00,
20:05:55.489274581,59959,42.00,1,0.00,
20:05:55.992988869,59960,42.00,1,0.00,
20:05:56.496791091,59960,42.00,1,0.00,
20:05:56.990234974,59960,42.00,1,0.00,
20:05:57.494007454,59961,42.00,1,0.00,
20:05:57.997630643,59961,42.00,1,0.00,
20:05:58.490775378,59961,42.00,1,0.00,
20:05:58.994434298,59962,42.00,1,0.00,
20:05:59.497859807,59962,42.00,1,0.00,
20:05:59.991409685,59962,42.00,1,0.00,
20:06:00.495253535,59962,42.00,1,0.00,
20:06:00.988574431,59962,42.00,1,0.00,
20:06:01.492041843,59961,42.00,1,0.00,
20:06:01.995987522,59961,42.00,1,0.00,
20:06:02.489592450,59962,42.00,1,0.00,
20:06:02.993331190,59962,42.00,1,0.00,
20:06:03.497186590,59963,42.00,1,0.00,
20:06:03.991055188,59963,42.00,1,0.00,
20:06:04.494798749,59963,42.00,1,0.00,
20:06:04.988598137,59963,42.00,1,0.00,
20:06:05.492298420,59964,42.00,1,0.00,
20:06:05.995829991,59964,42.00,1,0.00,
20:06:06.489132156,59965,42.00,1,0.00,
20:06:06.993003716,59966,42.00,1,0.00,
20:06:07.496584222,59967,42.00,1,0.00,
20:06:07.990280436,59967,42.00,1,0.00,
20:06:08.493573583,59967,42.00,1,0.00,
20:06:08.997243597,59967,42.00,1,0.00,
20:06:09.491164670,59968,42.00,1,0.00,
20:06:10.  5135721,59968,42.00,1,0.00,
20:06:10.508911725,59968,42.00,1,0.00,
20:06:11.  2323713,59968,42.00,1,0.00,
20:06:11.505543076,59968,42.00,1,0.00,
20:06:11.988755599,59967,42.00,1,0.00,
20:06:12.492057378,59966,42.00,1,0.00,
20:06:12.995670383,59966,42.00,1,0.00,
20:06:13.489200604,59966,42.00,1,0.00,
20:06:13.992964872,59965,42.00,1,0.00,
20:06:14.496529710,59965,42.00,1,0.00,
20:06:14.990219036,59964,42.00,1,0.00,
20:06:15.494047987,59964,42.00,1,0.00,
20:06:15.987747731,59964,42.00,1,0.00,
20:06:16.491713087,59963,42.00,1,0.00,
20:06:16.987467966,59963,42.00,1,0.00,
20:06:17.491398492,59962,42.00,1,0.00,
20:06:17.987732725,59961,42.00,1,0.00,
20:06:18.491254081,59961,42.00,1,0.00,
20:06:18.994670276,59961,42.00,1,0.00,
20:06:19.488311243,59962,42.00,1,0.00,
20:06:19.992126295,59962,42.00,1,0.00,
20:06:20.485717727,59962,42.00,1,0.00,
20:06:20.990991575,59961,42.00,1,0.00,
20:06:21.494821909,59961,42.00,1,0.00,
20:06:21.988636235,59961,42.00,1,0.00,
20:06:22.492134300,59961,42.00,1,0.00,
20:06:22.985285019,59961,42.00,1,0.00,
20:06:23.489287683,59961,42.00,1,0.00,
20:06:23.992708905,59961,42.00,1,0.00,
20:06:24.486172020,59961,42.00,1,0.00,
20:06:24.990785520,59961,42.00,1,0.00,
20:06:25.494800972,59963,42.00,1,0.00,
20:06:25.988668553,59963,42.00,1,0.00,
20:06:26.492624037,59965,42.00,1,0.00,
20:06:26.986305890,59966,42.00,1,0.00,
20:06:27.490180560,59967,42.00,1,0.00,
20:06:27.994010816,59968,42.00,1,0.00,
20:06:28.487644515,59968,42.00,1,0.00,
20:06:28.991537739,59968,42.00,1,0.00,
20:06:29.494992968,59968,42.00,1,0.00,
20:06:29.988792730,59969,42.00,1,0.00,
20:06:30.492450840,59969,42.00,1,0.00,
20:06:30.985807006,59969,42.00,1,0.00,
20:06:31.489709381,59969,42.00,1,0.00,
20:06:31.993479839,59969,42.00,1,0.00,
20:06:32.487341595,59969,42.00,1,0.00,
20:06:32.991708265,59970,42.00,1,0.00,
20:06:33.495334046,59970,42.00,1,0.00,
20:06:33.989553679,59970,42.00,1,0.00,
20:06:34.493311604,59970,42.00,1,0.00,
20:06:34.987184646,59971,42.47,1,0.00,
20:06:35.491200939,59971,42.47,1,0.00,
20:06:35.985106413,59972,42.93,1,0.00,
20:06:36.489697667,59973,43.40,1,0.00,
20:06:36.983209995,59974,43.87,1,0.00,
20:06:37.486567663,59974,43.87,1,0.00,
20:06:37.990273784,59973,43.40,1,0.00,
20:06:38.484348443,59974,43.87,1,0.00,
20:06:38.988585298,59973,43.40,1,0.00,
20:06:39.493273591,59974,43.87,1,0.00,
20:06:39.987741672,59975,44.33,1,0.00,
20:06:40.492588871,59975,44.33,1,0.00,
20:06:40.987054653,59975,44.33,1,0.00,
20:06:41.491655695,59975,44.33,1,0.00,
20:06:41.986154191,59975,44.33,1,0.00,
20:06:42.492354659,59974,43.87,1,0.00,
20:06:42.987050154,59975,44.33,1,0.00,
20:06:43.491608991,59974,43.87,1,0.00,
20:06:43.986147903,59974,43.87,1,0.00,
20:06:44.483625289,59975,44.33,1,0.00,
20:06:44.989175890,59975,44.33,1,0.00,
20:06:45.483721712,59975,44.33,1,0.00,
20:06:45.987815759,59975,44.33,1,0.00,
20:06:46.492272346,59975,44.33,1,0.00,
20:06:46.986758615,59976,44.80,1,0.00,
20:06:47.492680867,59975,44.33,1,0.00,
20:06:47.987943616,59975,44.33,1,0.00,
20:06:48.492378942,59974,43.87,1,0.00,
20:06:48.987241425,59972,42.93,1,0.00,
20:06:49.491998889,59971,42.47,1,0.00,
20:06:49.986329417,59971,42.47,1,0.00,
20:06:50.491639576,59971,42.47,1,0.00,
20:06:50.985913385,59972,42.93,1,0.00,
20:06:51.490445751,59972,42.93,1,0.00,
20:06:51.984598332,59972,42.93,1,0.00,
20:06:52.488964679,59973,43.40,1,0.00,
20:06:52.983306827,59972,42.93,1,0.00,
20:06:53.487460756,59971,42.47,1,0.00,
20:06:53.981802320,59971,42.47,1,0.00,
20:06:54.486162248,59970,42.00,1,0.00,
20:06:54.990488223,59970,42.00,1,0.00,
20:06:55.484954914,59969,42.00,1,0.00,
20:06:55.989795414,59969,42.00,1,0.00,
20:06:56.484265460,59969,42.00,1,0.00,
20:06:56.989093193,59969,42.00,1,0.00,
20:06:57.483284270,59969,42.00,1,0.00,
20:06:57.987412550,59969,42.00,1,0.00,
20:06:58.481205934,59969,42.00,1,0.00,
20:06:58.985209403,59968,42.00,1,0.00,
20:06:59.489181457,59968,42.00,1,0.00,
20:06:59.983302498,59968,42.00,1,0.00,
20:07:00.486994746,59968,42.00,1,0.00,
20:07:00.980283360,59968,42.00,1,0.00,
20:07:01.483576792,59968,42.00,1,0.00,
20:07:01.987165031,59969,42.00,1,0.00,
20:07:02.480843037,59970,42.00,1,0.00,
20:07:02.984836914,59970,42.00,1,0.00,
20:07:03.479249779,59970,42.00,1,0.00,
20:07:03.983442588,59970,42.00,1,0.00,
20:07:04.487143794,59970,42.00,1,0.00,
20:07:04.980696137,59971,42.47,1,0.00,
20:07:05.484499583,59972,42.93,1,0.00,
20:07:05.978416019,59972,42.93,1,0.00,
20:07:06.482017280,59973,43.40,1,0.00,
20:07:06.986057565,59973,43.40,1,0.00,
20:07:07.479762747,59973,43.40,1,0.00,
20:07:07.983379827,59973,43.40,1,0.00,
20:07:08.481366986,59973,43.40,1,0.00,
20:07:08.975641452,59973,43.40,1,0.00,
20:07:09.481247379,59972,42.93,1,0.00,
20:07:09.985490060,59972,42.93,1,0.00,
20:07:10.479522415,59971,42.47,1,0.00,
20:07:10.983641297,59972,42.93,1,0.00,
20:07:11.477887043,59971,42.47,1,0.00,
20:07:11.982183565,59972,42.93,1,0.00,
20:07:12.476403887,59971,42.47,1,0.00,
20:07:12.981550480,59971,42.47,1,0.00,
20:07:13.475476001,59972,42.93,1,0.00,
20:07:13.979787413,59972,42.93,1,0.00,
20:07:14.484219125,59973,43.40,1,0.00,
20:07:14.978793577,59972,42.93,1,0.00,
20:07:15.483035926,59972,42.93,1,0.00,
20:07:15.978205413,59972,42.93,1,0.00,
20:07:16.478061867,59972,42.93,1,0.00,
20:07:16.981921023,59972,42.93,1,0.00,
20:07:17.476044093,59972,42.93,1,0.00,
20:07:17.980464685,59971,42.47,1,0.00,
20:07:18.484687577,59970,42.00,1,0.00,
20:07:18.979019569,59970,42.00,1,0.00,
20:07:19.483222724,59969,42.00,1,0.00,
20:07:19.977338071,59970,42.00,1,0.00,
20:07:20.481552881,59969,42.00,1,0.00,
20:07:20.975662548,59969,42.00,1,0.00,
20:07:21.479667518,59968,42.00,1,0.00,
20:07:21.983822491,59968,42.00,1,0.00,
20:07:22.481417881,59967,42.00,1,0.00,
20:07:22.975191915,59967,42.00,1,0.00,
20:07:23.478780363,59966,42.00,1,0.00,
20:07:23.982022300,59966,42.00,1,0.00,
20:07:24.475485096,59966,42.00,1,0.00,
20:07:24.979682270,59966,42.00,1,0.00,
20:07:25.483024272,59966,42.00,1,0.00,
20:07:25.976710109,59967,42.00,1,0.00,
20:07:26.481028877,59967,42.00,1,0.00,
20:07:26.975064893,59967,42.00,1,0.00,
20:07:27.479351773,59967,42.00,1,0.00,
20:07:27.983161762,59967,42.00,1,0.00,
20:07:28.476647642,59967,42.00,1,0.00,
20:07:28.980349030,59967,42.00,1,0.00,
20:07:29.473947495,59967,42.00,1,0.00,
20:07:29.977486891,59967,42.00,1,0.00,
20:07:30.481241608,59967,42.00,1,0.00,
20:07:30.975174511,59967,42.00,1,0.00,
20:07:31.479092672,59967,42.00,1,0.00,
20:07:31.983062473,59967,42.00,1,0.00,
20:07:32.476857009,59966,42.00,1,0.00,
20:07:32.980104790,59966,42.00,1,0.00,
20:07:33.473695899,59966,42.00,1,0.00,
20:07:33.977442107,59966,42.00,1,0.00,
20:07:34.481159122,59966,42.00,1,0.00,
20:07:34.974432595,59966,42.00,1,0.00,
20:07:35.477911317,59966,42.00,1,0.00,
20:07:35.981867264,59966,42.00,1,0.00,
20:07:36.475513098,59966,42.00,1,0.00,
20:07:36.979582934,59966,42.00,1,0.00,
20:07:37.483297544,59967,42.00,1,0.00,
20:07:37.977117518,59966,42.00,1,0.00,
20:07:38.480698389,59967,42.00,1,0.00,
20:07:38.974334764,59967,42.00,1,0.00,
20:07:39.478023039,59967,42.00,1,0.00,
20:07:39.981491469,59967,42.00,1,0.00,
20:07:40.475431466,59967,42.00,1,0.00,
20:07:40.979925829,59967,42.00,1,0.00,
20:07:41.483631491,59967,42.00,1,0.00,
20:07:41.978505707,59967,42.00,1,0.00,
20:07:42.482458859,59967,42.00,1,0.00,
20:07:42.976660646,59967,42.00,1,0.00,
20:07:43.480286710,59967,42.00,1,0.00,
20:07:43.974091668,59967,42.00,1,0.00,
20:07:44.477983324,59968,42.00,1,0.00,
20:07:44.981866091,59968,42.00,1,0.00,
20:07:45.475737088,59968,42.00,1,0.00,
20:07:45.980804559,59968,42.00,1,0.00,
20:07:46.474706803,59968,42.00,1,0.00,
20:07:46.980521460,59968,42.00,1,0.00,
20:07:47.473938532,59969,42.00,1,0.00,
20:07:47.980767347,59970,42.00,1,0.00,
20:07:48.474596926,59971,42.47,1,0.00,
20:07:48.978539242,59971,42.47,1,0.00,
20:07:49.482009912,59972,42.93,1,0.00,
20:07:49.975384967,59972,42.93,1,0.00,
20:07:50.478974872,59972,42.93,1,0.00,
20:07:50.982485248,59972,42.93,1,0.00,
20:07:51.475962968,59972,42.93,1,0.00,
20:07:51.979348704,59972,42.93,1,0.00,
20:07:52.482778367,59972,42.93,1,0.00,
20:07:52.976527933,59972,42.93,1,0.00,
20:07:53.481541461,59973,43.40,1,0.00,
20:07:53.975405214,59974,43.87,1,0.00,
20:07:54.478686236,59974,43.87,1,0.00,
20:07:54.982259866,59974,43.87,1,0.00,
20:07:55.475910708,59974,43.87,1,0.00,
20:07:55.979735469,59974,43.87,1,0.00,
20:07:56.474224351,59975,44.33,1,0.00,
20:07:56.979813024,59975,44.33,1,0.00,
20:07:57.474696775,59976,44.80,1,0.00,
20:07:57.979451558,59976,44.80,1,0.00,
20:07:58.474499763,59975,44.33,1,0.00,
20:07:58.979383060,59974,43.87,1,0.00,
20:07:59.483936450,59974,43.87,1,0.00,
20:07:59.978241065,59974,43.87,1,0.00,
20:08:00.482152412,59975,44.33,1,0.00,
20:08:00.976497694,59975,44.33,1,0.00,
20:08:01.481066765,59975,44.33,1,0.00,
20:08:01.975264570,59975,44.33,1,0.00,
20:08:02.482300327,59975,44.33,1,0.00,
20:08:02.976344334,59975,44.33,1,0.00,
20:08:03.481275069,59974,43.87,1,0.00,
20:08:03.975654831,59974,43.87,1,0.00,
20:08:04.481293086,59974,43.87,1,0.00,
20:08:04.975524640,59973,43.40,1,0.00,
20:08:05.479809514,59973,43.40,1,0.00,
20:08:05.973955431,59973,43.40,1,0.00,
20:08:06.478330639,59973,43.40,1,0.00,
20:08:06.972355172,59972,42.93,1,0.00,
20:08:07.479403640,59972,42.93,1,0.00,
20:08:07.973712104,59972,42.93,1,0.00,
20:08:08.477967869,59971,42.47,1,0.00,
20:08:08.972033661,59970,42.00,1,0.00,
20:08:09.476417097,59970,42.00,1,0.00,
20:08:09.980575341,59969,42.00,1,0.00,
20:08:10.474923652,59969,42.00,1,0.00,
20:08:10.972049674,59969,42.00,1,0.00,
20:08:11.476144940,59969,42.00,1,0.00,
20:08:11.972577879,59969,42.00,1,0.00,
20:08:12.476173441,59968,42.00,1,0.00,
20:08:12.980220837,59968,42.00,1,0.00,
20:08:13.473345422,59967,42.00,1,0.00,
20:08:13.977314551,59967,42.00,1,0.00,
20:08:14.472204781,59966,42.00,1,0.00,
20:08:14.975677428,59966,42.00,1,0.00,
20:08:15.479541182,59966,42.00,1,0.00,
20:08:15.972575035,59966,42.00,1,0.00,
20:08:16.476535100,59965,42.00,1,0.00,
20:08:16.969728163,59965,42.00,1,0.00,
20:08:17.473396179,59964,42.00,1,0.00,
20:08:17.976916874,59964,42.00,1,0.00,
20:08:18.470660205,59964,42.00,1,0.00,
20:08:18.974479442,59964,42.00,1,0.00,
20:08:19.468010189,59964,42.00,1,0.00,
20:08:19.971975802,59964,42.00,1,0.00,
20:08:20.475947021,59964,42.00,1,0.00,
20:08:20.970022353,59964,42.00,1,0.00,
20:08:21.473838517,59965,42.00,1,0.00,
20:08:21.977960447,59965,42.00,1,0.00,
20:08:22.471712419,59964,42.00,1,0.00,
20:08:22.975541079,59964,42.00,1,0.00,
20:08:23.469264416,59964,42.00,1,0.00,
20:08:23.973162414,59964,42.00,1,0.00,
20:08:24.467005134,59964,42.00,1,0.00,
20:08:24.970355436,59965,42.00,1,0.00,
20:08:25.473778876,59964,42.00,1,0.00,
20:08:25.967042034,59964,42.00,1,0.00,
20:08:26.470276026,59964,42.00,1,0.00,
20:08:26.973649394,59964,42.00,1,0.00,
20:08:27.467004331,59964,42.00,1,0.00,
20:08:27.970903425,59964,42.00,1,0.00,
20:08:28.474559118,59964,42.00,1,0.00,
20:08:28.968376261,59964,42.00,1,0.00,
20:08:29.472021537,59964,42.00,1,0.00,
20:08:29.975519842,59964,42.00,1,0.00,
20:08:30.468879263,59964,42.00,1,0.00,
20:08:30.972399740,59964,42.00,1,0.00,
20:08:31.476071880,59964,42.00,1,0.00,
20:08:31.969836443,59964,42.00,1,0.00,
20:08:32.473806952,59964,42.00,1,0.00,
20:08:32.967635608,59965,42.00,1,0.00,
20:08:33.472587717,59965,42.00,1,0.00,
20:08:33.976048604,59964,42.00,1,0.00,
20:08:34.469819397,59964,42.00,1,0.00,
20:08:34.973799489,59963,42.00,1,0.00,
20:08:35.467642450,59963,42.00,1,0.00,
20:08:35.971029989,59963,42.00,1,0.00,
20:08:36.474981852,59964,42.00,1,0.00,
20:08:36.968762610,59964,42.00,1,0.00,
20:08:37.472362126,59965,42.00,1,0.00,
20:08:37.975690343,59965,42.00,1,0.00,
20:08:38.469414561,59964,42.00,1,0.00,
20:08:38.972974970,59964,42.00,1,0.00,
20:08:39.466810249,59964,42.00,1,0.00,
20:08:39.970646500,59964,42.00,1,0.00,
20:08:40.474021131,59964,42.00,1,0.00,
20:08:40.967380379,59965,42.00,1,0.00,
20:08:41.470889670,59965,42.00,1,0.00,
20:08:41.974852506,59966,42.00,1,0.00,
20:08:42.468458947,59966,42.00,1,0.00,
20:08:42.972160520,59966,42.00,1,0.00,
20:08:43.476122119,59966,42.00,1,0.00,
20:08:43.969792008,59966,42.00,1,0.00,
20:08:44.473718970,59966,42.00,1,0.00,
20:08:44.967337094,59966,42.00,1,0.00,
20:08:45.470765068,59966,42.00,1,0.00,
20:08:45.974102328,59966,42.00,1,0.00,
20:08:46.467662749,59966,42.00,1,0.00,
20:08:46.971029106,59966,42.00,1,0.00,
20:08:47.474104462,59966,42.00,1,0.00,
20:08:47.967368093,59966,42.00,1,0.00,
20:08:48.471314392,59966,42.00,1,0.00,
20:08:48.975038997,59965,42.00,1,0.00,
20:08:49.468900659,59965,42.00,1,0.00,
20:08:49.972611089,59965,42.00,1,0.00,
20:08:50.476029826,59965,42.00,1,0.00,
20:08:50.969953684,59965,42.00,1,0.00,
20:08:51.473580553,59965,42.00,1,0.00,
20:08:51.967406811,59965,42.00,1,0.00,
20:08:52.471264228,59965,42.00,1,0.00,
20:08:52.975242457,59965,42.00,1,0.00,
20:08:53.468975957,59966,42.00,1,0.00,
20:08:53.972705754,59966,42.00,1,0.00,
20:08:54.466668065,59966,42.00,1,0.00,
20:08:54.970590077,59966,42.00,1,0.00,
20:08:55.474424968,59967,42.00,1,0.00,
20:08:55.968196911,59968,42.00,1,0.00,
20:08:56.472046569,59969,42.00,1,0.00,
20:08:56.965776053,59969,42.00,1,0.00,
20:08:57.469895492,59968,42.00,1,0.00,
20:08:57.973448255,59967,42.00,1,0.00,
20:08:58.467205344,59967,42.00,1,0.00,
20:08:58.971015159,59968,42.00,1,0.00,
20:08:59.474928304,59969,42.00,1,0.00,
20:08:59.968643436,59969,42.00,1,0.00,
20:09:00.472267898,59969,42.00,1,0.00,
20:09:00.965947894,59969,42.00,1,0.00,
20:09:01.469483199,59969,42.00,1,0.00,
20:09:01.973410235,59969,42.00,1,0.00,
20:09:02.467310283,59969,42.00,1,0.00,
20:09:02.970949375,59969,42.00,1,0.00,
20:09:03.474822940,59969,42.00,1,0.00,
20:09:03.968686404,59969,42.00,1,0.00,
20:09:04.472489591,59969,42.00,1,0.00,
20:09:04.966085280,59970,42.00,1,0.00,
20:09:05.469884831,59970,42.00,1,0.00,
20:09:05.963813163,59971,42.47,1,0.00,
20:09:06.467659288,59971,42.47,1,0.00,
20:09:06.971648037,59970,42.00,1,0.00,
20:09:07.465372620,59970,42.00,1,0.00,
20:09:07.972352968,59970,42.00,1,0.00,
20:09:08.466072127,59971,42.47,1,0.00,
20:09:08.970660019,59971,42.47,1,0.00,
20:09:09.464143448,59971,42.47,1,0.00,
20:09:09.967733562,59972,42.93,1,0.00,
20:09:10.471771708,59972,42.93,1,0.00,
20:09:10.965761884,59972,42.93,1,0.00,
20:09:11.469572465,59972,42.93,1,0.00,
20:09:11.973408223,59972,42.93,1,0.00,
20:09:12.468049295,59973,43.40,1,0.00,
20:09:12.972174352,59973,43.40,1,0.00,
20:09:13.466313148,59974,43.87,1,0.00,
20:09:13.971954615,59974,43.87,1,0.00,
20:09:14.465977127,59974,43.87,1,0.00,
20:09:14.970859791,59974,43.87,1,0.00,
20:09:15.464892128,59975,44.33,1,0.00,
20:09:15.970208984,59975,44.33,1,0.00,
20:09:16.464386992,59975,44.33,1,0.00,
20:09:16.968786502,59975,44.33,1,0.00,
20:09:17.473175732,59974,43.87,1,0.00,
20:09:17.967460693,59974,43.87,1,0.00,
20:09:18.472123089,59974,43.87,1,0.00,
20:09:18.966455772,59975,44.33,1,0.00,
20:09:19.470963156,59975,44.33,1,0.00,
20:09:19.965796970,59975,44.33,1,0.00,
20:09:20.470379332,59975,44.33,1,0.00,
20:09:20.964695094,59975,44.33,1,0.00,
20:09:21.469471014,59975,44.33,1,0.00,
20:09:21.964200630,59975,44.33,1,0.00,
20:09:22.468805914,59975,44.33,1,0.00,
20:09:22.973533407,59975,44.33,1,0.00,
20:09:23.467847139,59976,44.80,1,0.00,
20:09:23.972519160,59977,45.27,1,0.00,
20:09:24.467384226,59978,45.73,1,0.00,
20:09:24.971714727,59978,45.73,1,0.00,
20:09:25.466682302,59977,45.27,1,0.00,
20:09:25.972246806,59976,44.80,1,0.00,
20:09:26.466736280,59975,44.33,1,0.00,
20:09:26.972248369,59975,44.33,1,0.00,
20:09:27.465975621,59976,44.80,1,0.00,
20:09:27.970510997,59977,45.27,1,0.00,
20:09:28.465286915,59977,45.27,1,0.00,
20:09:28.970055166,59977,45.27,1,0.00,
20:09:29.464345323,59976,44.80,1,0.00,
20:09:29.969133600,59976,44.80,1,0.00,
20:09:30.473646018,59975,44.33,1,0.00,
20:09:30.968747893,59975,44.33,1,0.00,
20:09:31.473865067,59975,44.33,1,0.00,
20:09:31.968230216,59975,44.33,1,0.00,
20:09:32.472846823,59975,44.33,1,0.00,
20:09:32.967196471,59975,44.33,1,0.00,
20:09:33.471867332,59975,44.33,1,0.00,
20:09:33.966282914,59975,44.33,1,0.00,
20:09:34.470805517,59975,44.33,1,0.00,
20:09:34.965013123,59974,43.87,1,0.00,
20:09:35.469404059,59974,43.87,1,0.00,
20:09:35.973463343,59973,43.40,1,0.00,
20:09:36.467562712,59973,43.40,1,0.00,
20:09:36.971953413,59972,42.93,1,0.00,
20:09:37.466064086,59971,42.47,1,0.00,
20:09:37.970380182,59970,42.00,1,0.00,
20:09:38.464678429,59969,42.00,1,0.00,
20:09:38.968670879,59969,42.00,1,0.00,
20:09:39.473006901,59968,42.00,1,0.00,
20:09:39.966995178,59968,42.00,1,0.00,
20:09:40.470938554,59967,42.00,1,0.00,
20:09:40.964276883,59967,42.00,1,0.00,
20:09:41.467671077,59966,42.00,1,0.00,
20:09:41.972503365,59966,42.00,1,0.00,
20:09:42.466390370,59966,42.00,1,0.00,
20:09:42.970026677,59966,42.00,1,0.00,
20:09:43.473760724,59966,42.00,1,0.00,
20:09:43.967210814,59966,42.00,1,0.00,
20:09:44.470766183,59966,42.00,1,0.00,
20:09:44.964154783,59966,42.00,1,0.00,
20:09:45.467864854,59966,42.00,1,0.00,
20:09:45.971603548,59966,42.00,1,0.00,
20:09:46.464869690,59966,42.00,1,0.00,
20:09:46.968949831,59966,42.00,1,0.00,
20:09:47.462796575,59965,42.00,1,0.00,
20:09:47.966750012,59965,42.00,1,0.00,
20:09:48.470556109,59965,42.00,1,0.00,
20:09:48.963976010,59966,42.00,1,0.00,
20:09:49.467911120,59966,42.00,1,0.00,
20:09:49.971649191,59966,42.00,1,0.00,
20:09:50.465292681,59965,42.00,1,0.00,
20:09:50.969386570,59965,42.00,1,0.00,
20:09:51.462961739,59965,42.00,1,0.00,
20:09:51.966936336,59966,42.00,1,0.00,
20:09:52.470547579,59966,42.00,1,0.00,
20:09:52.964532821,59965,42.00,1,0.00,
20:09:53.468614303,59965,42.00,1,0.00,
20:09:53.962385846,59965,42.00,1,0.00,
20:09:54.466070477,59965,42.00,1,0.00,
20:09:54.970092344,59965,42.00,1,0.00,
20:09:55.463733120,59964,42.00,1,0.00,
20:09:55.967218114,59963,42.00,1,0.00,
20:09:56.471224472,59963,42.00,1,0.00,
20:09:56.964897198,59962,42.00,1,0.00,
20:09:57.468739661,59962,42.00,1,0.00,
20:09:57.962234267,59962,42.00,1,0.00,
20:09:58.466062729,59962,42.00,1,0.00,
20:09:58.969711733,59962,42.00,1,0.00,
20:09:59.463660062,59962,42.00,1,0.00,
20:09:59.967696046,59962,42.00,1,0.00,
20:10:00.471585046,59962,42.00,1,0.00,
20:10:00.965318271,59962,42.00,1,0.00,
20:10:01.469236876,59961,42.00,1,0.00,
20:10:01.962852608,59961,42.00,1,0.00,
20:10:02.466405760,59960,42.00,1,0.00,
20:10:02.970129894,59960,42.00,1,0.00,
20:10:03.463957189,59960,42.00,1,0.00,
20:10:03.967451547,59960,42.00,1,0.00,
20:10:04.471220112,59960,42.00,1,0.00,
20:10:04.965036589,59959,42.00,1,0.00,
20:10:05.469136844,59959,42.00,1,0.00,
20:10:05.962716279,59958,42.00,1,0.00,
20:10:06.466127871,59958,42.00,1,0.00,
20:10:06.970164611,59958,42.00,1,0.00,
20:10:07.464028483,59958,42.00,1,0.00,
20:10:07.967829595,59958,42.00,1,0.00,
20:10:08.471571310,59957,42.00,1,0.00,
20:10:08.965016827,59957,42.00,1,0.00,
20:10:09.468562189,59956,42.00,1,0.00,
20:10:09.962249212,59955,42.00,1,0.00,
20:10:10.465948876,59954,42.00,1,0.00,
20:10:10.969599187,59954,42.00,1,0.00,
20:10:11.463503576,59954,42.00,1,0.00,
20:10:11.967125859,59954,42.00,1,0.00,
20:10:12.470862709,59954,42.00,1,0.00,
20:10:12.964130262,59954,42.00,1,0.00,
20:10:13.467393845,59953,42.00,1,0.00,
20:10:13.970890994,59953,42.00,1,0.00,
20:10:14.464744366,59953,42.00,1,0.00,
20:10:14.968062490,59953,42.00,1,0.00,
20:10:15.471961416,59952,42.00,1,0.00,
20:10:15.965610192,59952,42.00,1,0.00,
20:10:16.469642219,59952,42.00,1,0.00,
20:10:16.963550942,59953,42.00,1,0.00,
20:10:17.467489841,59953,42.00,1,0.00,
20:10:17.971348071,59953,42.00,1,0.00,
20:10:18.465016653,59953,42.00,1,0.00,
20:10:18.968997624,59953,42.00,1,0.00,
20:10:19.462884443,59954,42.00,1,0.00,
20:10:19.966480473,59954,42.00,1,0.00,
20:10:20.470278605,59955,42.00,1,0.00,
20:10:20.963821613,59955,42.00,1,0.00,
20:10:21.467614886,59955,42.00,1,0.00,
20:10:21.961156367,59956,42.00,1,0.00,
20:10:22.464540072,59957,42.00,1,0.00,
20:10:22.968198802,59957,42.00,1,0.00,
20:10:23.481809636,59958,42.00,1,0.00,
20:10:23.965016467,59959,42.00,1,0.00,
20:10:24.468833952,59959,42.00,1,0.00,
20:10:24.962224779,59959,42.00,1,0.00,
20:10:25.466147443,59960,42.00,1,0.00,
20:10:25.960266627,59960,42.00,1,0.00,
20:10:26.463833950,59960,42.00,1,0.00,
20:10:26.967628372,59961,42.00,1,0.00,
20:10:27.461541417,59961,42.00,1,0.00,
20:10:27.965081315,59962,42.00,1,0.00,
20:10:28.468841626,59962,42.00,1,0.00,
20:10:28.962496048,59962,42.00,1,0.00,
20:10:29.466084488,59962,42.00,1,0.00,
20:10:29.959442856,59962,42.00,1,0.00,
20:10:30.463220874,59962,42.00,1,0.00,
20:10:30.966696609,59962,42.00,1,0.00,
20:10:31.460558121,59962,42.00,1,0.00,
20:10:31.964074261,59962,42.00,1,0.00,
20:10:32.467910147,59963,42.00,1,0.00,
20:10:32.961664967,59963,42.00,1,0.00,
20:10:33.465426652,59963,42.00,1,0.00,
20:10:33.968652162,59963,42.00,1,0.00,
20:10:34.462409676,59963,42.00,1,0.00,
20:10:34.965552878,59962,42.00,1,0.00,
20:10:35.469128458,59962,42.00,1,0.00,
20:10:35.962847255,59962,42.00,1,0.00,
20:10:36.466630908,59962,42.00,1,0.00,
20:10:36.960543952,59962,42.00,1,0.00,
20:10:37.464505033,59963,42.00,1,0.00,
20:10:37.968104583,59963,42.00,1,0.00,
20:10:38.461702119,59964,42.00,1,0.00,
20:10:38.965355547,59964,42.00,1,0.00,
20:10:39.469245474,59964,42.00,1,0.00,
20:10:39.962618587,59964,42.00,1,0.00,
20:10:40.466546243,59964,42.00,1,0.00,
20:10:40.960625921,59964,42.00,1,0.00,
20:10:41.464052989,59964,42.00,1,0.00,
20:10:41.967663151,59965,42.00,1,0.00,
20:10:42.461461041,59965,42.00,1,0.00,
20:10:42.965250703,59966,42.00,1,0.00,
20:10:43.468734962,59967,42.00,1,0.00,
20:10:43.962516574,59967,42.00,1,0.00,
20:10:44.466547821,59967,42.00,1,0.00,
20:10:44.961256495,59967,42.00,1,0.00,
20:10:45.465152988,59968,42.00,1,0.00,
20:10:45.969108394,59969,42.00,1,0.00,
20:10:46.462900177,59970,42.00,1,0.00,
20:10:46.966857064,59970,42.00,1,0.00,
20:10:47.460708545,59971,42.47,1,0.00,
20:10:47.964598284,59971,42.47,1,0.00,
20:10:48.468511311,59972,42.93,1,0.00,
20:10:48.961998850,59973,43.40,1,0.00,
20:10:49.465681484,59974,43.87,1,0.00,
20:10:49.969256674,59974,43.87,1,0.00,
20:10:50.463273662,59974,43.87,1,0.00,
20:10:50.967383380,59975,44.33,1,0.00,
20:10:51.461453760,59975,44.33,1,0.00,
20:10:51.966149535,59976,44.80,1,0.00,
20:10:52.460929943,59977,45.27,1,0.00,
20:10:52.965247607,59978,45.73,1,0.00,
20:10:53.469932359,59978,45.73,1,0.00,
20:10:53.964296613,59978,45.73,1,0.00,
20:10:54.469311748,59979,46.20,1,0.00,
20:10:54.969177976,59979,46.20,1,0.00,
20:10:55.464249258,59979,46.20,1,0.00,
20:10:55.961906049,59979,46.20,1,0.00,
20:10:56.466912801,59980,46.67,1,0.00,
20:10:56.961551603,59980,46.67,1,0.00,
20:10:57.466950320,59980,46.67,1,0.00,
20:10:57.963265636,59980,46.67,1,0.00,
20:10:58.467785013,59980,46.67,1,0.00,
20:10:58.962491157,59981,47.13,1,0.00,
20:10:59.467148215,59981,47.13,1,0.00,
20:10:59.962792663,59980,46.67,1,0.00,
20:11:00.466924348,59980,46.67,1,0.00,
20:11:00.961211655,59980,46.67,1,0.00,
20:11:01.465662290,59980,46.67,1,0.00,
20:11:01.963023594,59980,46.67,1,0.00,
20:11:02.467751019,59980,46.67,1,0.00,
20:11:02.962275163,59980,46.67,1,0.00,
20:11:03.467297888,59979,46.20,1,0.00,
20:11:03.962129460,59978,45.73,1,0.00,
20:11:04.459008843,59979,46.20,1,0.00,
20:11:04.963982042,59979,46.20,1,0.00,
20:11:05.458035932,59979,46.20,1,0.00,
20:11:05.962706288,59979,46.20,1,0.00,
20:11:06.477280368,59978,45.73,1,0.00,
20:11:06.972089055,59978,45.73,1,0.00,
20:11:07.476520808,59978,45.73,1,0.00,
20:11:07.960914081,59979,46.20,1,0.00,
20:11:08.465695799,59979,46.20,1,0.00,
20:11:08.961747150,59979,46.20,1,0.00,
20:11:09.476405595,59978,45.73,1,0.00,
20:11:09.972418318,59978,45.73,1,0.00,
20:11:10.466669347,59977,45.27,1,0.00,
20:11:10.961176360,59976,44.80,1,0.00,
20:11:11.465660660,59976,44.80,1,0.00,
20:11:11.962103593,59976,44.80,1,0.00,
20:11:12.465516469,59975,44.33,1,0.00,
20:11:12.960082811,59975,44.33,1,0.00,
20:11:13.464651046,59975,44.33,1,0.00,
20:11:13.959082851,59975,44.33,1,0.00,
20:11:14.463772204,59975,44.33,1,0.00,
20:11:14.957668681,59975,44.33,1,0.00,
20:11:15.462031316,59975,44.33,1,0.00,
20:11:15.966511219,59975,44.33,1,0.00,
20:11:16.460816314,59975,44.33,1,0.00,
20:11:16.965115408,59975,44.33,1,0.00,
20:11:17.459494878,59975,44.33,1,0.00,
20:11:17.963516266,59975,44.33,1,0.00,
20:11:18.457731119,59976,44.80,1,0.00,
20:11:18.962310786,59976,44.80,1,0.00,
20:11:19.456928091,59976,44.80,1,0.00,
20:11:19.961979700,59977,45.27,1,0.00,
20:11:20.456516683,59977,45.27,1,0.00,
20:11:20.963115393,59977,45.27,1,0.00,
20:11:21.457573081,59977,45.27,1,0.00,
20:11:21.962761323,59977,45.27,1,0.00,
20:11:22.457543814,59977,45.27,1,0.00,
20:11:22.962955801,59978,45.73,1,0.00,
20:11:23.456897964,59978,45.73,1,0.00,
20:11:23.961399680,59979,46.20,1,0.00,
20:11:24.455858828,59978,45.73,1,0.00,
20:11:24.960647140,59978,45.73,1,0.00,
20:11:25.464656448,59979,46.20,1,0.00,
20:11:25.958878360,59979,46.20,1,0.00,
20:11:26.463889528,59979,46.20,1,0.00,
20:11:26.958430802,59979,46.20,1,0.00,
20:11:27.463561753,59979,46.20,1,0.00,
20:11:27.958394029,59980,46.67,1,0.00,
20:11:28.463264343,59980,46.67,1,0.00,
20:11:28.958124375,59980,46.67,1,0.00,
20:11:29.463418151,59979,46.20,1,0.00,
20:11:29.957910880,59979,46.20,1,0.00,
20:11:30.462425093,59980,46.67,1,0.00,
20:11:30.957023466,59980,46.67,1,0.00,
20:11:31.464019502,59979,46.20,1,0.00,
20:11:31.958774728,59978,45.73,1,0.00,
20:11:32.464622891,59977,45.27,1,0.00,
20:11:32.959259209,59977,45.27,1,0.00,
20:11:33.463842743,59978,45.73,1,0.00,
20:11:33.958128941,59978,45.73,1,0.00,
20:11:34.462770780,59978,45.73,1,0.00,
20:11:34.957059252,59978,45.73,1,0.00,
20:11:35.462013297,59977,45.27,1,0.00,
20:11:35.956489854,59976,44.80,1,0.00,
20:11:36.453941338,59976,44.80,1,0.00,
20:11:36.958391102,59976,44.80,1,0.00,
20:11:37.453054278,59977,45.27,1,0.00,
20:11:37.957656240,59977,45.27,1,0.00,
20:11:38.462748371,59976,44.80,1,0.00,
20:11:38.957232350,59975,44.33,1,0.00,
20:11:39.461528971,59975,44.33,1,0.00,
20:11:39.955922236,59975,44.33,1,0.00,
20:11:40.460215665,59975,44.33,1,0.00,
20:11:40.954309302,59976,44.80,1,0.00,
20:11:41.458927322,59975,44.33,1,0.00,
20:11:41.953431333,59975,44.33,1,0.00,
20:11:42.457843120,59975,44.33,1,0.00,
20:11:42.953975490,59976,44.80,1,0.00,
20:11:43.458311271,59976,44.80,1,0.00,
20:11:43.952939642,59977,45.27,1,0.00,
20:11:44.457567171,59976,44.80,1,0.00,
20:11:44.961592283,59976,44.80,1,0.00,
20:11:45.455341651,59977,45.27,1,0.00,
20:11:45.950000052,59977,45.27,1,0.00,
20:11:46.454534371,59978,45.73,1,0.00,
20:11:46.959063232,59978,45.73,1,0.00,
20:11:47.453857880,59978,45.73,1,0.00,
20:11:47.958583205,59978,45.73,1,0.00,
20:11:48.453146345,59978,45.73,1,0.00,
20:11:48.957795522,59978,45.73,1,0.00,
20:11:49.452354333,59978,45.73,1,0.00,
20:11:49.956782872,59977,45.27,1,0.00,
20:11:50.451176946,59977,45.27,1,0.00,
20:11:50.955251275,59977,45.27,1,0.00,
20:11:51.459186394,59977,45.27,1,0.00,
20:11:51.953415327,59978,45.73,1,0.00,
20:11:52.458218203,59978,45.73,1,0.00,
20:11:52.955072448,59978,45.73,1,0.00,
20:11:53.460051016,59979,46.20,1,0.00,
20:11:53.954433553,59980,46.67,1,0.00,
20:11:54.458934080,59981,47.13,1,0.00,
20:11:54.955437577,59981,47.13,1,0.00,
20:11:55.451946270,59981,47.13,1,0.00,
20:11:55.956153727,59981,47.13,1,0.00,
20:11:56.461006626,59981,47.13,1,0.00,
20:11:56.955820431,59983,48.07,1,0.00,
20:11:57.461367363,59984,48.53,1,0.00,
20:11:57.956492215,59985,49.00,1,0.00,
20:11:58.454977146,59984,48.53,1,0.00,
20:11:58.950574711,59984,48.53,1,0.00,
20:11:59.455350488,59983,48.07,1,0.00,
20:11:59.950463822,59983,48.07,1,0.00,
20:12:00.455371264,59983,48.07,1,0.00,
20:12:00.950461437,59984,48.53,1,0.00,
20:12:01.455937611,59984,48.53,1,0.00,
20:12:01.953488759,59984,48.53,1,0.00,
20:12:02.458354514,59985,49.00,1,0.00,
20:12:02.953380854,59984,48.53,1,0.00,
20:12:03.458865012,59984,48.53,1,0.00,
20:12:03.953869455,59984,48.53,1,0.00,
20:12:04.458598491,59984,48.53,1,0.00,
20:12:04.957271910,59984,48.53,1,0.00,
20:12:05.452289856,59985,49.00,1,0.00,
20:12:05.956967613,59985,49.00,1,0.00,
20:12:06.451756336,59985,49.00,1,0.00,
20:12:06.957162232,59985,49.00,1,0.00,
20:12:07.453650170,59985,49.00,1,0.00,
20:12:07.958882366,59985,49.00,1,0.00,
20:12:08.452942215,59985,49.00,1,0.00,
20:12:08.957994438,59985,49.00,1,0.00,
20:12:09.456020358,59985,49.00,1,0.00,
20:12:09.951189844,59986,49.47,1,0.00,
20:12:10.456535508,59987,49.93,1,0.00,
20:12:10.951616070,59987,49.93,1,0.00,
20:12:11.456518582,59987,49.93,1,0.00,
20:12:11.953291685,59987,49.93,1,0.00,
20:12:12.458395647,59987,49.93,1,0.00,
20:12:12.952997092,59987,49.93,1,0.00,
20:12:13.457801905,59988,50.40,1,0.00,
20:12:13.952786437,59989,50.87,1,0.00,
20:12:14.452321069,59989,50.87,1,0.00,
20:12:14.957177131,59989,50.87,1,0.00,
20:12:15.452283490,59990,51.33,1,0.00,
20:12:15.951808754,59991,51.80,1,0.00,
20:12:16.456765028,59991,51.80,1,0.00,
20:12:16.953232737,59991,51.80,1,0.00,
20:12:17.449566184,59991,51.80,1,0.00,
20:12:17.954561876,59991,51.80,1,0.00,
20:12:18.449323524,59991,51.80,1,0.00,
20:12:18.957137167,59991,51.80,1,0.00,
20:12:19.451968912,59991,51.80,1,0.00,
20:12:19.957173536,59991,51.80,1,0.00,
20:12:20.451727085,59991,51.80,1,0.00,
20:12:20.956794888,59991,51.80,1,0.00,
20:12:21.451517126,59990,51.33,1,0.00,
20:12:21.956723792,59990,51.33,1,0.00,
20:12:22.452958524,59990,51.33,1,0.00,
20:12:22.958206398,59990,51.33,1,0.00,
20:12:23.455503970,59990,51.33,1,0.00,
