81193.823446033,60017,63.93,1
81194.327368668,60018,64.40,1
81194.832772282,60018,64.40,1
81195.331468693,60018,64.40,1
81195.831125492,60017,63.93,1
81196.324520247,60017,63.93,1
81196.830609353,60016,63.47,1
81197.325649158,60016,63.47,1
81197.83227478201,60017,63.93,1
81198.328028099,60017,63.93,1
81198.824202768,60017,63.93,1
81199.32733106001,60017,63.93,1
81199.83566186301,60016,63.47,1
81200.332070262,60016,63.47,1
81200.830083671,60016,63.47,1
81201.32744666201,60017,63.93,1
81201.832920241,60017,63.93,1
81202.33107989799,60018,64.40,1
81202.830831274,60018,64.40,1
81203.32897735199,60018,64.40,1
81203.82913178499,60017,63.93,1
81204.326882575,60017,63.93,1
81204.83118930399,60016,63.47,1
81205.324353843,60016,63.47,1
81205.831347371,60016,63.47,1
81206.334743955,60016,63.47,1
81206.828176539,60016,63.47,1
81207.32667517,60015,63.00,1
81207.826326177,60014,62.53,1
81208.327077746,60013,62.07,1
81208.826648979,60013,62.07,1
81209.3258503,60013,62.07,1
81209.822219004,60013,62.07,1
81210.32205948399,60012,61.60,1
81210.82966748399,60012,61.60,1
81211.325639014,60012,61.60,1
81211.82910072499,60011,61.13,1
81212.32959059,60011,61.13,1
81212.82369314499,60012,61.60,1
81213.32716774799,60013,62.07,1
81213.82782347599,60013,62.07,1
81214.324350813,60012,61.60,1
81214.82356459901,60011,61.13,1
81215.322752397,60010,60.67,1
81215.820733081,60010,60.67,1
81216.321518989,60010,60.67,1
81216.818694749,60011,61.13,1
81217.32649930799,60010,60.67,1
81217.822815999,60011,61.13,1
81218.321907298,60010,60.67,1
81218.824948864,60010,60.67,1
81219.318846863,60011,61.13,1
81219.821572121,60011,61.13,1
81220.317291827,60010,60.67,1
81220.82243173799,60010,60.67,1
81221.322774272,60009,60.20,1
81221.820790296,60009,60.20,1
81222.326157166,60008,59.73,1
81222.815898338,60008,59.73,1
81223.31654222601,60009,60.20,1
81223.817889383,60009,60.20,1
81224.31661798101,60009,60.20,1
81224.81838527101,60009,60.20,1
81225.318972886,60009,60.20,1
81225.81933434099,60009,60.20,1
81226.31793428901,60009,60.20,1
81226.821799955,60009,60.20,1
81227.322408733,60009,60.20,1
81227.81434364201,60009,60.20,1
81228.324056875,60009,60.20,1
81228.816658854,60009,60.20,1
81229.31800553401,60009,60.20,1
81229.820897963,60009,60.20,1
81230.31993945601,60009,60.20,1
81230.823670438,60009,60.20,1
81231.32191525299,60009,60.20,1
81231.82321685299,60009,60.20,1
81232.31496141999,60009,60.20,1
81232.82092804799,60009,60.20,1
81233.320916408,60009,60.20,1
81233.81877159901,60009,60.20,1
81234.31445939701,60009,60.20,1
81234.817617433,60009,60.20,1
81235.315019417,60009,60.20,1
81235.822104979,60009,60.20,1
81236.318857569,60009,60.20,1
81236.814831654,60009,60.20,1
81237.315658636,60009,60.20,1
81237.816603124,60008,59.73,1
81238.319199652,60008,59.73,1
81238.822105452,60008,59.73,1
81239.32270155,60008,59.73,1
81239.819229748,60008,59.73,1
81240.323617114,60007,59.27,1
81240.818365663,60007,59.27,1
81241.32207687599,60006,58.80,1
81241.81967738899,60005,58.33,1
81242.31953083399,60005,58.33,1
81242.817969817,60005,58.33,1
81243.32096101801,60005,58.33,1
81243.81997425899,60005,58.33,1
81244.32179928399,60005,58.33,1
81244.816676324,60005,58.33,1
81245.317393434,60005,58.33,1
81245.82132448201,60006,58.80,1
81246.314969302,60006,58.80,1
81246.817921938,60007,59.27,1
81247.315243309,60008,59.73,1
81247.817933616,60008,59.73,1
81248.321190963,60008,59.73,1
81248.82801794,60008,59.73,1
81249.330080709,60008,59.73,1
81249.81239231701,60008,59.73,1
81250.327493648,60008,59.73,1
81250.8138516,60008,59.73,1
81251.320023211,60008,59.73,1
81251.83015050901,60008,59.73,1
81252.310400669,60008,59.73,1
81252.826222132,60008,59.73,1
81253.333282315,60008,59.73,1
81253.83195686,60008,59.73,1
81254.317538647,60008,59.73,1
81254.835339828,60008,59.73,1
81255.31688306,60007,59.27,1
81255.81349736299,60007,59.27,1
81256.315311921,60006,58.80,1
81256.818424688,60006,58.80,1
81257.314826235,60006,58.80,1
81257.81236813399,60005,58.33,1
81258.31861544101,60005,58.33,1
81258.817775875,60004,57.87,1
81259.31735558801,60004,57.87,1
81259.81379134599,60004,57.87,1
81260.311546065,60004,57.87,1
81260.813068911,60004,57.87,1
81261.318163338,60004,57.87,1
81261.817638768,60003,57.40,1
81262.31304373599,60003,57.40,1
81262.81092836701,60003,57.40,1
81263.315335779,60003,57.40,1
81263.81210714301,60003,57.40,1
81264.317897218,60003,57.40,1
81264.81720872399,60003,57.40,1
81265.31798763599,60003,57.40,1
81265.816846027,60002,56.93,1
81266.315780098,60001,56.47,1
81266.81206056599,60001,56.47,1
81267.31081991,60001,56.47,1
81267.816822422,60001,56.47,1
81268.311429776,60001,56.47,1
81268.81926365499,60001,56.47,1
81269.31637877499,60001,56.47,1
81269.81333813,60000,56.00,1
81270.30884162,59999,55.53,1
81270.813169224,59998,55.07,1
81271.31205029,59998,55.07,1
81271.81149237799,59998,55.07,1
81272.317300863,59998,55.07,1
81272.80973615,59998,55.07,1
81273.317836574,59997,54.60,1
81273.813325764,59996,54.13,1
81274.309490524,59995,53.67,1
81274.816648611,59994,53.20,1
81275.31271767399,59994,53.20,1
81275.810332497,59994,53.20,1
81276.314318255,59995,53.67,1
81276.816883823,59995,53.67,1
81277.308894984,59995,53.67,1
81277.81419455,59995,53.67,1
81278.31047553899,59995,53.67,1
81278.816592389,59995,53.67,1
81279.310392752,59995,53.67,1
81279.81887120201,59996,54.13,1
81280.314784965,59996,54.13,1
81280.81353147099,59996,54.13,1
81281.309282456,59996,54.13,1
81281.81634938301,59997,54.60,1
81282.317178884,59997,54.60,1
81282.814536363,59998,55.07,1
81283.319479285,59998,55.07,1
81283.813474626,59997,54.60,1
81284.317193079,59997,54.60,1
81284.81474981199,59998,55.07,1
81285.313938605,59998,55.07,1
81285.809163963,59999,55.53,1
81286.318255805,59999,55.53,1
81286.812986946,60000,56.00,1
81287.31506284401,60000,56.00,1
81287.817842934,59999,55.53,1
81288.310421339,59999,55.53,1
81288.81788972999,59999,55.53,1
81289.318117631,60000,56.00,1
81289.818570316,60000,56.00,1
81290.317195961,60000,56.00,1
81290.81323864299,60000,56.00,1
81291.31954667599,60001,56.47,1
81291.818331448,60001,56.47,1
81292.314925167,60002,56.93,1
81292.813893757,60002,56.93,1
81293.310704303,60003,57.40,1
81293.816717904,60003,57.40,1
81294.31769763101,60003,57.40,1
81294.81675399,60003,57.40,1
81295.310683567,60003,57.40,1
81295.816773492,60003,57.40,1
81296.31287228101,60003,57.40,1
81296.818867585,60003,57.40,1
81297.318683511,60003,57.40,1
81297.819625754,60002,56.93,1
81298.318470881,60002,56.93,1
81298.819472192,60002,56.93,1
81299.315808215,60003,57.40,1
81299.81177951999,60003,57.40,1
81300.318959925,60004,57.87,1
81300.81959851101,60004,57.87,1
81301.31965855299,60004,57.87,1
81301.81471743601,60004,57.87,1
81302.319485717,60005,58.33,1
81302.81312650999,60005,58.33,1
81303.31123916199,60005,58.33,1
81303.81788306699,60004,57.87,1
81304.31353412601,60003,57.40,1
81304.80987707,60003,57.40,1
81305.31497766099,60004,57.87,1
81305.811208057,60004,57.87,1
81306.311379659,60004,57.87,1
81306.817187211,60004,57.87,1
81307.310895463,60004,57.87,1
81307.815536125,60004,57.87,1
81308.315230464,60004,57.87,1
81308.81237467501,60004,57.87,1
81309.31038722501,60004,57.87,1
81309.81080662399,60004,57.87,1
81310.30687067199,60004,57.87,1
81310.815267114,60004,57.87,1
81311.306989081,60005,58.33,1
81311.811612096,60005,58.33,1
81312.316310985,60005,58.33,1
81312.807469023,60005,58.33,1
81313.31402936199,60005,58.33,1
81313.81596826699,60005,58.33,1
81314.31327894,60005,58.33,1
81314.80858741399,60006,58.80,1
81315.320937165,60007,59.27,1
81315.81614918599,60007,59.27,1
81316.324370712,60008,59.73,1
81316.810429773,60008,59.73,1
81317.308456935,60008,59.73,1
81317.81171659401,60008,59.73,1
81318.308989724,60008,59.73,1
81318.808945942,60008,59.73,1
81319.311871271,60008,59.73,1
81319.825632703,60008,59.73,1
81320.31268712399,60009,60.20,1
81320.810115082,60009,60.20,1
81321.31207881001,60009,60.20,1
81321.81533290401,60010,60.67,1
81322.311493167,60011,61.13,1
81322.812104425,60012,61.60,1
81323.31215784,60012,61.60,1
81323.807942791,60013,62.07,1
81324.313827501,60012,61.60,1
81324.81144024,60012,61.60,1
81325.30905695401,60012,61.60,1
81325.807679711,60012,61.60,1
81326.305170594,60013,62.07,1
81326.808441039,60013,62.07,1
81327.308523698,60014,62.53,1
81327.808137484,60014,62.53,1
81328.311147356,60014,62.53,1
81328.80763876501,60015,63.00,1
81329.30880619401,60015,63.00,1
81329.809184179,60016,63.47,1
81330.309213424,60016,63.47,1
81330.81116994099,60016,63.47,1
81331.30640889501,60017,63.93,1
81331.808829947,60018,64.40,1
81332.303331299,60018,64.40,1
81332.809368534,60018,64.40,1
81333.305417315,60018,64.40,1
81333.81152218999,60018,64.40,1
81334.308446253,60018,64.40,1
81334.81111361099,60018,64.40,1
81335.309832752,60018,64.40,1
81335.808376487,60018,64.40,1
81336.308146834,60017,63.93,1
81336.80638736799,60017,63.93,1
81337.30731986,60017,63.93,1
81337.804866223,60018,64.40,1
81338.308003643,60018,64.40,1
81338.80805806001,60018,64.40,1
81339.305530153,60018,64.40,1
81339.812645086,60018,64.40,1
81340.311186632,60018,64.40,1
81340.803670924,60018,64.40,1
81341.31301122101,60018,64.40,1
81341.812969247,60019,64.87,1
81342.30334026999,60019,64.87,1
81342.80520442101,60019,64.87,1
81343.306862208,60019,64.87,1
81343.81003835,60019,64.87,1
81344.308165921,60019,64.87,1
81344.80684588299,60020,65.33,1
81345.30633180399,60020,65.33,1
81345.806075582,60021,65.80,1
81346.307049854,60021,65.80,1
81346.80882899401,60020,65.33,1
81347.304532628,60020,65.33,1
81347.80967672799,60020,65.33,1
81348.309924752,60021,65.80,1
81348.80301104501,60021,65.80,1
81349.30650202,60021,65.80,1
81349.806522449,60021,65.80,1
81350.306125153,60021,65.80,1
81350.811656426,60021,65.80,1
81351.308925934,60022,66.27,1
81351.808509564,60022,66.27,1
81352.305087742,60023,66.73,1
81352.811786587,60023,66.73,1
81353.30266616,60022,66.27,1
81353.803280379,60022,66.27,1
81354.30293653801,60022,66.27,1
81354.808880029,60022,66.27,1
81355.310013158,60022,66.27,1
81355.805386896,60022,66.27,1
81356.309314912,60022,66.27,1
81356.809412581,60022,66.27,1
81357.302270252,60022,66.27,1
81357.807761071,60022,66.27,1
81358.306150128,60023,66.73,1
81358.802370134,60023,66.73,1
81359.309468917,60023,66.73,1
81359.812347005,60023,66.73,1
81360.30894509501,60023,66.73,1
81360.807765695,60023,66.73,1
81361.308861192,60023,66.73,1
81361.808479274,60023,66.73,1
81362.310701237,60023,66.73,1
81362.80685836299,60022,66.27,1
81363.30298501501,60021,65.80,1
81363.803332743,60021,65.80,1
81364.30487635999,60021,65.80,1
81364.81074422,60022,66.27,1
81365.304549037,60022,66.27,1
81365.810941833,60022,66.27,1
81366.302521291,60022,66.27,1
81366.80596088,60022,66.27,1
81367.31136954299,60021,65.80,1
81367.807861704,60021,65.80,1
81368.30321523,60021,65.80,1
81368.809582266,60021,65.80,1
81369.304528202,60021,65.80,1
81369.803066262,60021,65.80,1
81370.305976769,60021,65.80,1
81370.80787961899,60021,65.80,1
81371.310476919,60021,65.80,1
81371.810240662,60021,65.80,1
81372.31087062899,60022,66.27,1
81372.802694486,60021,65.80,1
81373.306641448,60021,65.80,1
81373.81213848099,60020,65.33,1
81374.309825219,60021,65.80,1
81374.808510088,60022,66.27,1
81375.30143019299,60024,67.20,1
81375.807862596,60024,67.20,1
81376.308401296,60024,67.20,1
81376.807390616,60024,67.20,1
81377.30728327,60023,66.73,1
81377.80388399601,60023,66.73,1
81378.302028441,60023,66.73,1
81378.799016645,60023,66.73,1
81379.298459998,60023,66.73,1
81379.80596165,60023,66.73,1
81380.302822264,60023,66.73,1
81380.80562919599,60024,67.20,1
81381.298536092,60024,67.20,1
81381.806751205,60024,67.20,1
81382.29908411999,60024,67.20,1
81382.805724412,60024,67.20,1
81383.30427028501,60024,67.20,1
81383.799442777,60025,67.67,1
81384.29850144,60025,67.67,1
81384.80843845999,60025,67.67,1
81385.29900819701,60025,67.67,1
81385.803014228,60025,67.67,1
81386.30818161,60026,68.13,1
81386.808444842,60026,68.13,1
81387.30019168201,60026,68.13,1
81387.807716401,60026,68.13,1
81388.303784944,60025,67.67,1
81388.79992152999,60025,67.67,1
81389.30170850499,60024,67.20,1
81389.805488689,60023,66.73,1
81390.30129206199,60023,66.73,1
81390.79885829501,60023,66.73,1
81391.305736351,60023,66.73,1
81391.80335388699,60023,66.73,1
81392.29901863899,60022,66.27,1
81392.80358489499,60022,66.27,1
81393.29884195499,60021,65.80,1
81393.803929274,60020,65.33,1
81394.299055129,60020,65.33,1
81394.808289703,60020,65.33,1
81395.299373042,60020,65.33,1
81395.801884168,60019,64.87,1
81396.299675556,60018,64.40,1
81396.801128875,60017,63.93,1
81397.305973444,60017,63.93,1
81397.80200829,60017,63.93,1
81398.300513576,60018,64.40,1
81398.80768113201,60018,64.40,1
81399.298973104,60019,64.87,1
81399.803398302,60019,64.87,1
81400.303742623,60018,64.40,1
81400.799725437,60018,64.40,1
81401.301890487,60018,64.40,1
81401.799933295,60017,63.93,1
81402.29766102201,60018,64.40,1
81402.80747030101,60018,64.40,1
81403.304708913,60018,64.40,1
81403.805079659,60019,64.87,1
81404.305483984,60018,64.40,1
81404.802689772,60018,64.40,1
81405.29849544101,60017,63.93,1
81405.802665665,60018,64.40,1
81406.301942348,60018,64.40,1
81406.79965662499,60017,63.93,1
81407.30538236399,60017,63.93,1
81407.79828559,60017,63.93,1
81408.302016578,60018,64.40,1
81408.805697299,60018,64.40,1
81409.30527844001,60019,64.87,1
81409.805668592,60019,64.87,1
81410.301053473,60018,64.40,1
81410.80306265999,60019,64.87,1
81411.299898439,60019,64.87,1
81411.80123817,60019,64.87,1
81412.29958463801,60020,65.33,1
81412.80042337,60019,64.87,1
81413.30719699099,60019,64.87,1
81413.80394795501,60019,64.87,1
81414.301774473,60020,65.33,1
81414.80749736101,60020,65.33,1
81415.30644094,60020,65.33,1
81415.801864744,60020,65.33,1
81416.29854285601,60020,65.33,1
81416.799108274,60020,65.33,1
81417.302276071,60020,65.33,1
81417.80074547599,60021,65.80,1
81418.29594310099,60022,66.27,1
81418.80143757199,60022,66.27,1
81419.29693972001,60022,66.27,1
81419.797959488,60022,66.27,1
81420.296093499,60022,66.27,1
81420.79994209899,60023,66.73,1
81421.296721117,60024,67.20,1
81421.801813261,60024,67.20,1
81422.298539283,60023,66.73,1
81422.79834815901,60023,66.73,1
81423.29365495,60023,66.73,1
81423.798884791,60024,67.20,1
81424.29762890701,60024,67.20,1
81424.79486592,60024,67.20,1
81425.300245868,60024,67.20,1
81425.799893295,60024,67.20,1
81426.298327768,60025,67.67,1
81426.79706150699,60025,67.67,1
81427.29583437899,60024,67.20,1
81427.799841884,60024,67.20,1
81428.299919132,60024,67.20,1
81428.802977068,60024,67.20,1
81429.300485031,60025,67.67,1
81429.798675985,60025,67.67,1
81430.298259761,60025,67.67,1
81430.799457708,60024,67.20,1
81431.296980288,60024,67.20,1
81431.797536981,60023,66.73,1
81432.29466070099,60023,66.73,1
81432.797691289,60023,66.73,1
81433.296219622,60023,66.73,1
81433.80107235401,60022,66.27,1
81434.296876006,60022,66.27,1
81434.800070278,60023,66.73,1
81435.29716543099,60023,66.73,1
81435.79438134001,60023,66.73,1
81436.296929483,60022,66.27,1
81436.80004301399,60022,66.27,1
81437.29723962799,60021,65.80,1
81437.793289188,60021,65.80,1
81438.297370917,60021,65.80,1
81438.797732917,60021,65.80,1
81439.301027419,60020,65.33,1
81439.80104070299,60020,65.33,1
81440.29286517799,60019,64.87,1
81440.79438102699,60018,64.40,1
81441.300898456,60017,63.93,1
81441.798083332,60017,63.93,1
81442.29339667701,60017,63.93,1
81442.791200893,60017,63.93,1
81443.299808136,60017,63.93,1
81443.799232367,60016,63.47,1
81444.291310374,60016,63.47,1
81444.79128643499,60015,63.00,1
81445.29192627801,60015,63.00,1
81445.793764681,60015,63.00,1
81446.290812828,60015,63.00,1
81446.805193081,60014,62.53,1
81447.297935956,60014,62.53,1
81447.80032589,60014,62.53,1
81448.29746266,60014,62.53,1
81448.79844196601,60013,62.07,1
81449.300851083,60013,62.07,1
81449.795225421,60013,62.07,1
81450.292448398,60013,62.07,1
81450.79806662801,60013,62.07,1
81451.295228206,60012,61.60,1
81451.79627017101,60011,61.13,1
81452.292739695,60011,61.13,1
81452.79245556401,60010,60.67,1
81453.299559391,60010,60.67,1
81453.79475197999,60009,60.20,1
81454.300665121,60009,60.20,1
81454.79522691701,60008,59.73,1
81455.300999118,60008,59.73,1
81455.79852521,60007,59.27,1
81456.300813924,60007,59.27,1
81456.79597243899,60007,59.27,1
81457.292883506,60008,59.73,1
81457.799883773,60008,59.73,1
81458.297483096,60008,59.73,1
81458.799976767,60007,59.27,1
81459.299790812,60007,59.27,1
81459.799071578,60007,59.27,1
81460.29627224601,60007,59.27,1
81460.794222422,60007,59.27,1
81461.29068228901,60007,59.27,1
81461.796456365,60008,59.73,1
81462.292152567,60009,60.20,1
81462.79896744499,60010,60.67,1
81463.29697957401,60011,61.13,1
81463.79356163301,60011,61.13,1
81464.28982034,60011,61.13,1
81464.793404326,60011,61.13,1
81465.28934816,60011,61.13,1
81465.79812165799,60011,61.13,1
81466.29806548401,60011,61.13,1
81466.791577475,60011,61.13,1
81467.298116732,60011,61.13,1
81467.79524610301,60011,61.13,1
81468.312128588,60010,60.67,1
81468.794122651,60010,60.67,1
81469.29073783899,60009,60.20,1
81469.793949712,60009,60.20,1
81470.29065184599,60010,60.67,1
81470.790927058,60010,60.67,1
81471.293287361,60010,60.67,1
81471.78943734799,60009,60.20,1
81472.297961356,60009,60.20,1
81472.792034916,60008,59.73,1
81473.291510354,60008,59.73,1
81473.78964505,60008,59.73,1
81474.291111254,60008,59.73,1
81474.798280617,60008,59.73,1
81475.28986400001,60008,59.73,1
81475.789978321,60008,59.73,1
81476.293955323,60007,59.27,1
81476.790922446,60007,59.27,1
81477.292569632,60007,59.27,1
81477.79039419501,60007,59.27,1
81478.29108665499,60007,59.27,1
81478.795912224,60007,59.27,1
81479.29842433801,60006,58.80,1
81479.798328367,60006,58.80,1
81480.295792309,60006,58.80,1
81480.79813739299,60006,58.80,1
81481.29878361399,60006,58.80,1
81481.796207746,60006,58.80,1
81482.30140934,60006,58.80,1
81482.791958573,60006,58.80,1
81483.29610502601,60006,58.80,1
81483.795883721,60007,59.27,1
81484.294793648,60007,59.27,1
81484.791120289,60007,59.27,1
81485.291173663,60007,59.27,1
81485.791645638,60007,59.27,1
81486.293401553,60008,59.73,1
81486.79088438601,60008,59.73,1
81487.293196206,60009,60.20,1
81487.790862568,60009,60.20,1
81488.29814776201,60010,60.67,1
81488.799105065,60011,61.13,1
81489.29023911701,60012,61.60,1
81489.79142752899,60013,62.07,1
81490.296596246,60013,62.07,1
81490.793611728,60013,62.07,1
81491.291165039,60014,62.53,1
81491.788394387,60014,62.53,1
81492.295615385,60014,62.53,1
81492.797601428,60015,63.00,1
81493.28946497801,60015,63.00,1
81493.789730976,60015,63.00,1
81494.288655791,60015,63.00,1
81494.793112021,60015,63.00,1
81495.292077846,60015,63.00,1
81495.789294017,60014,62.53,1
81496.28926845601,60015,63.00,1
81496.795474753,60015,63.00,1
81497.291613191,60015,63.00,1
81497.789986024,60015,63.00,1
81498.295381066,60015,63.00,1
81498.79580663099,60015,63.00,1
81499.296033365,60015,63.00,1
81499.79067741599,60015,63.00,1
81500.301542071,60014,62.53,1
81500.797510263,60014,62.53,1
81501.29649176799,60015,63.00,1
81501.79154086699,60015,63.00,1
81502.299545845,60015,63.00,1
81502.793773734,60015,63.00,1
81503.28995471601,60015,63.00,1
81503.78948541,60014,62.53,1
81504.297253376,60014,62.53,1
81504.794239592,60014,62.53,1
81505.289497894,60013,62.07,1
81505.791713436,60013,62.07,1
81506.299360188,60012,61.60,1
81506.79366226601,60011,61.13,1
81507.29109954101,60011,61.13,1
81507.80028597001,60010,60.67,1
81508.289258292,60010,60.67,1
81508.796117648,60010,60.67,1
81509.290419711,60010,60.67,1
81509.797098373,60009,60.20,1
81510.289227097,60009,60.20,1
81510.793639796,60010,60.67,1
81511.290153594,60010,60.67,1
81511.789201404,60010,60.67,1
81512.29691808199,60010,60.67,1
81512.790059348,60010,60.67,1
81513.29457645099,60010,60.67,1
81513.79106716999,60011,61.13,1
81514.29427939199,60011,61.13,1
81514.79028749801,60010,60.67,1
81515.29855712201,60010,60.67,1
81515.795439243,60009,60.20,1
81516.29421563201,60009,60.20,1
81516.798014466,60009,60.20,1
81517.294053494,60009,60.20,1
81517.79117449,60008,59.73,1
81518.297390683,60008,59.73,1
81518.791721912,60009,60.20,1
81519.294075682,60009,60.20,1
81519.79233838301,60009,60.20,1
81520.293017537,60009,60.20,1
81520.791512645,60009,60.20,1
81521.300212526,60010,60.67,1
81521.788332742,60010,60.67,1
81522.29598443399,60010,60.67,1
81522.788135795,60010,60.67,1
81523.28532330001,60011,61.13,1
81523.794728692,60011,61.13,1
81524.29593219901,60011,61.13,1
81524.799750069,60011,61.13,1
81525.301060849,60011,61.13,1
81525.78695043099,60011,61.13,1
81526.298500656,60012,61.60,1
81526.798799639,60013,62.07,1
81527.29902034299,60013,62.07,1
81527.799892736,60012,61.60,1
81528.289120153,60012,61.60,1
81528.78629119,60011,61.13,1
81529.293921952,60012,61.60,1
81529.79217459301,60012,61.60,1
81530.299765381,60011,61.13,1
81530.785969652,60011,61.13,1
81531.286353667,60010,60.67,1
81531.792965149,60009,60.20,1
81532.299915476,60009,60.20,1
81532.787818385,60008,59.73,1
81533.292483432,60007,59.27,1
81533.79243047901,60007,59.27,1
81534.29332573,60006,58.80,1
81534.79037653199,60006,58.80,1
81535.286563398,60006,58.80,1
81535.797717072,60005,58.33,1
81536.29306649099,60005,58.33,1
81536.79013959999,60004,57.87,1
81537.28769300701,60004,57.87,1
81537.786078085,60004,57.87,1
81538.28423127699,60004,57.87,1
81538.789667601,60005,58.33,1
81539.285307547,60005,58.33,1
81539.781673855,60005,58.33,1
81540.282005193,60006,58.80,1
81540.788448263,60006,58.80,1
81541.284283081,60006,58.80,1
81541.789435075,60006,58.80,1
81542.282234497,60006,58.80,1
81542.799932322,60007,59.27,1
81543.28311437,60007,59.27,1
81543.791801745,60007,59.27,1
81544.291183633,60007,59.27,1
81544.78952680901,60007,59.27,1
81545.28499130601,60007,59.27,1
81545.789972445,60008,59.73,1
81546.296921908,60008,59.73,1
81546.792945162,60008,59.73,1
81547.289341337,60008,59.73,1
81547.793405203,60008,59.73,1
81548.304236828,60008,59.73,1
81548.790479288,60008,59.73,1
81549.284014766,60008,59.73,1
81549.78400666099,60007,59.27,1
81550.292463737,60007,59.27,1
81550.788506344,60007,59.27,1
81551.288135746,60007,59.27,1
81551.786811782,60007,59.27,1
81552.285755476,60006,58.80,1
81552.789534027,60006,58.80,1
81553.28823155,60006,58.80,1
81553.781499624,60006,58.80,1
81554.29053262599,60006,58.80,1
81554.791310056,60007,59.27,1
81555.286934925,60006,58.80,1
81555.79233513201,60006,58.80,1
81556.284732186,60006,58.80,1
81556.786979893,60007,59.27,1
81557.28866880899,60007,59.27,1
81557.78133053699,60007,59.27,1
81558.28379679901,60006,58.80,1
81558.783422636,60005,58.33,1
81559.289231199,60005,58.33,1
81559.799239386,60005,58.33,1
81560.288208438,60006,58.80,1
81560.78984452,60006,58.80,1
81561.29111689101,60006,58.80,1
81561.7931751,60006,58.80,1
81562.289221329,60005,58.33,1
81562.785525581,60005,58.33,1
81563.28935158299,60005,58.33,1
81563.781023337,60005,58.33,1
81564.284092027,60005,58.33,1
81564.79053129601,60005,58.33,1
81565.291542352,60006,58.80,1
81565.787789061,60006,58.80,1
81566.28626610999,60006,58.80,1
81566.784031143,60006,58.80,1
81567.28575083301,60006,58.80,1
81567.780973835,60006,58.80,1
81568.294156608,60006,58.80,1
81568.789396329,60005,58.33,1
81569.290453949,60006,58.80,1
81569.781131325,60006,58.80,1
81570.282139549,60007,59.27,1
81570.791045953,60007,59.27,1
81571.288536947,60006,58.80,1
81571.78431202,60006,58.80,1
81572.28530231099,60006,58.80,1
81572.78140132601,60006,58.80,1
81573.28816551399,60007,59.27,1
81573.783291905,60007,59.27,1
81574.28943587599,60006,58.80,1
81574.789055778,60006,58.80,1
81575.288031262,60005,58.33,1
81575.790070377,60005,58.33,1
81576.287604828,60005,58.33,1
81576.78047490701,60005,58.33,1
81577.286515901,60005,58.33,1
81577.784158555,60005,58.33,1
81578.281529596,60005,58.33,1
81578.786534739,60004,57.87,1
81579.28244163599,60003,57.40,1
81579.782529358,60003,57.40,1
81580.279730928,60002,56.93,1
81580.791024366,60002,56.93,1
81581.28682126501,60001,56.47,1
81581.77810774199,60001,56.47,1
81582.28105619299,60001,56.47,1
81582.783695466,60000,56.00,1
81583.282783962,60000,56.00,1
81583.78390436299,59999,55.53,1
81584.28051454099,59999,55.53,1
81584.782503462,59999,55.53,1
81585.28403454099,59999,55.53,1
81585.780899752,59999,55.53,1
81586.27922809499,59999,55.53,1
81586.77690148899,59999,55.53,1
81587.29106547299,59999,55.53,1
81587.78010221,59999,55.53,1
81588.27927729199,59999,55.53,1
81588.78025154601,59999,55.53,1
81589.299012034,59999,55.53,1
81589.784977238,60000,56.00,1
81590.27865552899,60000,56.00,1
81590.779786167,60001,56.47,1
81591.282282128,60002,56.93,1
81591.784318644,60003,57.40,1
81592.29079252599,60003,57.40,1
81592.785142366,60004,57.87,1
81593.27828981599,60004,57.87,1
81593.779655598,60005,58.33,1
81594.28168309901,60005,58.33,1
81594.78004949501,60006,58.80,1
81595.280759236,60007,59.27,1
81595.79690572,60007,59.27,1
81596.28585853201,60007,59.27,1
81596.78341427899,60006,58.80,1
81597.277475013,60007,59.27,1
81597.780980487,60007,59.27,1
81598.275846648,60007,59.27,1
81598.78028834199,60006,58.80,1
81599.278970659,60005,58.33,1
81599.775008297,60005,58.33,1
81600.28127577101,60004,57.87,1
81600.792321826,60004,57.87,1
81601.279477373,60004,57.87,1
81601.77735746199,60004,57.87,1
81602.283782738,60004,57.87,1
81602.781961609,60003,57.40,1
81603.28658268299,60002,56.93,1
81603.781618769,60002,56.93,1
81604.28376767,60001,56.47,1
81604.772691537,60001,56.47,1
81605.27385491499,60001,56.47,1
81605.783853149,60001,56.47,1
81606.282388787,60002,56.93,1
81606.78212396801,60002,56.93,1
81607.277160172,60001,56.47,1
81607.77308643999,60001,56.47,1
81608.28161516201,60001,56.47,1
81608.772511517,60001,56.47,1
81609.275749444,60001,56.47,1
81609.77601602599,60001,56.47,1
81610.27614732699,60002,56.93,1
81610.77948097901,60002,56.93,1
81611.273530812,60003,57.40,1
81611.78075068899,60002,56.93,1
81612.281300883,60002,56.93,1
81612.780581977,60001,56.47,1
81613.276989042,60001,56.47,1
81613.775009148,60002,56.93,1
81614.278938555,60003,57.40,1
81614.77651209,60002,56.93,1
81615.27589026,60002,56.93,1
81615.78309267299,60001,56.47,1
81616.280720318,60001,56.47,1
81616.78198675301,60001,56.47,1
81617.289787018,60001,56.47,1
81617.78022275701,60001,56.47,1
81618.288476564,60000,56.00,1
81618.777540889,59999,55.53,1
81619.275769649,59998,55.07,1
81619.77690626201,59998,55.07,1
81620.2732807,59997,54.60,1
81620.77938278099,59997,54.60,1
81621.280014106,59997,54.60,1
81621.774063556,59997,54.60,1
81622.27454350999,59997,54.60,1
81622.78794626299,59997,54.60,1
81623.275949459,59996,54.13,1
81623.78142593399,59996,54.13,1
81624.280137045,59995,53.67,1
81624.775514511,59995,53.67,1
81625.28150540301,59996,54.13,1
81625.77756643201,59997,54.60,1
81626.27260634,59997,54.60,1
81626.779455966,59997,54.60,1
81627.275355347,59996,54.13,1
81627.77560143299,59996,54.13,1
81628.28212387201,59997,54.60,1
81628.78140481,59997,54.60,1
81629.27552179599,59998,55.07,1
81629.772664465,59998,55.07,1
81630.27887213801,59998,55.07,1
81630.779563986,59998,55.07,1
81631.276473342,59999,55.53,1
81631.78356018401,59999,55.53,1
81632.27279435701,59999,55.53,1
81632.780309407,59999,55.53,1
81633.279116905,59999,55.53,1
81633.774065408,60000,56.00,1
81634.27582486,60000,56.00,1
81634.774166462,60001,56.47,1
81635.287359077,60001,56.47,1
81635.77633137,60001,56.47,1
81636.269895797,60001,56.47,1
81636.777705292,60002,56.93,1
81637.273198676,60003,57.40,1
81637.770894883,60003,57.40,1
81638.27508972,60003,57.40,1
81638.77268906801,60003,57.40,1
81639.279707561,60002,56.93,1
81639.772690075,60001,56.47,1
81640.270807671,60001,56.47,1
81640.769919018,60001,56.47,1
81641.27526250199,60002,56.93,1
81641.77210243601,60003,57.40,1
81642.271982843,60003,57.40,1
81642.77076633,60003,57.40,1
81643.271797304,60003,57.40,1
81643.769942043,60003,57.40,1
81644.27134096999,60003,57.40,1
81644.771485349,60004,57.87,1
81645.278694437,60004,57.87,1
81645.775572938,60005,58.33,1
81646.272978091,60005,58.33,1
81646.772072822,60005,58.33,1
81647.272813517,60005,58.33,1
81647.776112903,60004,57.87,1
81648.27199056601,60005,58.33,1
81648.77619773999,60005,58.33,1
81649.273273279,60005,58.33,1
81649.772837312,60006,58.80,1
81650.27474951401,60006,58.80,1
81650.775698126,60006,58.80,1
81651.27343470701,60006,58.80,1
81651.77003887101,60006,58.80,1
81652.27409300199,60006,58.80,1
81652.775630014,60006,58.80,1
81653.27444035601,60006,58.80,1
81653.770099574,60006,58.80,1
81654.272427034,60007,59.27,1
81654.77347559499,60008,59.73,1
81655.271594586,60008,59.73,1
81655.76908076101,60008,59.73,1
81656.27013241401,60008,59.73,1
81656.76991737699,60008,59.73,1
81657.266230104,60008,59.73,1
81657.770202705,60009,60.20,1
81658.26571836301,60009,60.20,1
81658.77124246801,60010,60.67,1
81659.26808543599,60010,60.67,1
81659.76853181201,60010,60.67,1
81660.268655883,60010,60.67,1
81660.77393845801,60010,60.67,1
81661.269670268,60011,61.13,1
81661.77157549901,60011,61.13,1
81662.27203483001,60011,61.13,1
81662.773527731,60012,61.60,1
81663.273016472,60012,61.60,1
81663.76761611,60013,62.07,1
81664.269698922,60013,62.07,1
81664.77117129099,60013,62.07,1
81665.263225078,60014,62.53,1
81665.768673457,60015,63.00,1
81666.267371176,60015,63.00,1
81666.771489144,60016,63.47,1
81667.262756378,60015,63.00,1
81667.767359105,60015,63.00,1
81668.26547076,60015,63.00,1
81668.769284935,60015,63.00,1
81669.269610163,60015,63.00,1
81669.76521528199,60015,63.00,1
81670.26851975299,60015,63.00,1
81670.763545692,60016,63.47,1
81671.266173689,60016,63.47,1
81671.766034773,60015,63.00,1
81672.26139111001,60014,62.53,1
81672.76036049399,60014,62.53,1
81673.267587036,60014,62.53,1
81673.76263926001,60014,62.53,1
81674.267521317,60014,62.53,1
81674.763327309,60015,63.00,1
81675.26593769201,60014,62.53,1
81675.763215078,60013,62.07,1
81676.26065266901,60013,62.07,1
81676.76739095501,60013,62.07,1
81677.264424608,60014,62.53,1
81677.761497687,60015,63.00,1
81678.26213641099,60015,63.00,1
81678.761320741,60015,63.00,1
81679.262200521,60016,63.47,1
81679.76167006099,60016,63.47,1
81680.266197156,60016,63.47,1
81680.759540427,60016,63.47,1
81681.261730774,60016,63.47,1
81681.760934661,60017,63.93,1
81682.26537208899,60017,63.93,1
81682.761116333,60018,64.40,1
81683.264610506,60019,64.87,1
81683.76280833301,60019,64.87,1
81684.259667687,60019,64.87,1
81684.76288237701,60019,64.87,1
81685.26520182101,60019,64.87,1
81685.76169995801,60019,64.87,1
81686.258410366,60019,64.87,1
81686.757696427,60019,64.87,1
81687.263930799,60018,64.40,1
81687.763389147,60019,64.87,1
81688.266373944,60019,64.87,1
81688.76697745601,60020,65.33,1
81689.264475392,60021,65.80,1
81689.76030351401,60021,65.80,1
81690.259678085,60021,65.80,1
81690.759532018,60021,65.80,1
81691.265250325,60021,65.80,1
81691.761491275,60021,65.80,1
81692.259607513,60021,65.80,1
81692.765938173,60021,65.80,1
81693.26561317799,60022,66.27,1
81693.75897621999,60022,66.27,1
81694.2655753,60021,65.80,1
81694.764524214,60021,65.80,1
81695.261674273,60020,65.33,1
81695.76194779,60020,65.33,1
81696.262569108,60021,65.80,1
81696.75962305399,60021,65.80,1
81697.267266925,60021,65.80,1
81697.76345749899,60021,65.80,1
81698.25869633,60020,65.33,1
81698.761551809,60020,65.33,1
81699.258564078,60020,65.33,1
81699.75838766999,60020,65.33,1
81700.26312017901,60021,65.80,1
81700.75811152,60021,65.80,1
81701.26644028199,60022,66.27,1
81701.77030889,60022,66.27,1
81702.261728905,60022,66.27,1
81702.766025169,60021,65.80,1
81703.264297502,60022,66.27,1
81703.76288448701,60022,66.27,1
81704.267213763,60023,66.73,1
81704.766594279,60024,67.20,1
81705.26296439501,60024,67.20,1
81705.765610259,60024,67.20,1
81706.263891539,60024,67.20,1
81706.763401907,60024,67.20,1
81707.26111919001,60024,67.20,1
81707.762953043,60024,67.20,1
81708.26552781,60025,67.67,1
81708.761014748,60025,67.67,1
81709.26112298301,60025,67.67,1
81709.76169832599,60025,67.67,1
81710.262691178,60025,67.67,1
81710.760796142,60024,67.20,1
81711.26199194801,60024,67.20,1
81711.76144534,60025,67.67,1
81712.262388766,60025,67.67,1
81712.755898619,60025,67.67,1
81713.263538867,60025,67.67,1
81713.76036697099,60025,67.67,1
81714.26062518101,60024,67.20,1
81714.761484309,60024,67.20,1
81715.259279894,60023,66.73,1
81715.759671319,60023,66.73,1
81716.257685212,60023,66.73,1
81716.76048207001,60023,66.73,1
81717.262436424,60023,66.73,1
81717.75984663999,60023,66.73,1
81718.25421599099,60023,66.73,1
81718.763023206,60023,66.73,1
81719.260508915,60023,66.73,1
81719.762438434,60024,67.20,1
81720.262748077,60024,67.20,1
81720.760306642,60024,67.20,1
81721.260175392,60024,67.20,1
81721.75908009701,60024,67.20,1
81722.25520758099,60023,66.73,1
81722.753504862,60022,66.27,1
81723.258525179,60023,66.73,1
81723.76346717701,60023,66.73,1
81724.258225229,60023,66.73,1
81724.755519616,60024,67.20,1
81725.26273714501,60024,67.20,1
81725.756291632,60024,67.20,1
81726.262596587,60024,67.20,1
81726.76165036501,60023,66.73,1
81727.258967156,60023,66.73,1
81727.75705939899,60023,66.73,1
81728.26091972001,60024,67.20,1
81728.762667373,60024,67.20,1
81729.25406630999,60024,67.20,1
81729.76079915299,60024,67.20,1
81730.25544179,60024,67.20,1
81730.75520447201,60023,66.73,1
81731.26309874799,60023,66.73,1
81731.76023734501,60023,66.73,1
81732.25761065001,60023,66.73,1
81732.760742934,60023,66.73,1
81733.258568456,60023,66.73,1
81733.75870590399,60023,66.73,1
81734.25657490399,60023,66.73,1
81734.758400504,60023,66.73,1
81735.256361201,60022,66.27,1
81735.756769438,60021,65.80,1
81736.25946524,60020,65.33,1
81736.755224678,60019,64.87,1
81737.26444781999,60018,64.40,1
81737.76095436,60018,64.40,1
81738.255641674,60017,63.93,1
81738.760421621,60017,63.93,1
81739.259397813,60017,63.93,1
81739.759866843,60016,63.47,1
81740.26364168699,60016,63.47,1
81740.760852451,60015,63.00,1
81741.262817653,60015,63.00,1
81741.753800771,60015,63.00,1
81742.262959553,60015,63.00,1
81742.756968018,60015,63.00,1
81743.257335459,60015,63.00,1
81743.761831419,60015,63.00,1
81744.254567223,60015,63.00,1
81744.762426494,60015,63.00,1
81745.258083169,60015,63.00,1
81745.760616158,60014,62.53,1
81746.261333399,60014,62.53,1
81746.75593143,60014,62.53,1
81747.26233365,60015,63.00,1
81747.762281339,60015,63.00,1
81748.260253906,60015,63.00,1
81748.75983465899,60016,63.47,1
81749.261748,60015,63.00,1
81749.76025438801,60015,63.00,1
81750.262341925,60015,63.00,1
81750.75958809,60016,63.47,1
81751.260702345,60016,63.47,1
81751.757313742,60017,63.93,1
81752.25910148,60017,63.93,1
81752.755086141,60017,63.93,1
81753.25424847601,60017,63.93,1
81753.753893674,60017,63.93,1
81754.253724229,60017,63.93,1
81754.76082559599,60017,63.93,1
81755.262575477,60017,63.93,1
81755.753752859,60017,63.93,1
81756.259096561,60018,64.40,1
81756.761966654,60019,64.87,1
81757.258344591,60020,65.33,1
81757.75344848599,60020,65.33,1
81758.255961984,60020,65.33,1
81758.759529345,60020,65.33,1
81759.252436742,60019,64.87,1
81759.752142542,60019,64.87,1
81760.25866856601,60019,64.87,1
81760.756352046,60019,64.87,1
81761.252930648,60020,65.33,1
81761.75874560799,60021,65.80,1
81762.254485736,60021,65.80,1
81762.754747264,60021,65.80,1
81763.252690373,60021,65.80,1
81763.760238292,60021,65.80,1
81764.26078555699,60020,65.33,1
81764.754545674,60020,65.33,1
81765.256884116,60020,65.33,1
81765.75271626101,60021,65.80,1
81766.259341221,60021,65.80,1
81766.75089826901,60022,66.27,1
81767.259201961,60022,66.27,1
81767.75774549499,60021,65.80,1
81768.25854222399,60022,66.27,1
81768.75815923,60021,65.80,1
81769.25133118,60021,65.80,1
81769.758549038,60020,65.33,1
81770.251808174,60020,65.33,1
81770.75144653099,60020,65.33,1
81771.25448200099,60020,65.33,1
81771.759739813,60020,65.33,1
81772.26059063101,60019,64.87,1
81772.76042116599,60018,64.40,1
81773.251668704,60018,64.40,1
81773.758616636,60017,63.93,1
81774.252248698,60017,63.93,1
81774.753345406,60017,63.93,1
81775.258959949,60017,63.93,1
81775.760270304,60016,63.47,1
81776.257663689,60016,63.47,1
81776.75852927699,60015,63.00,1
81777.25355373901,60015,63.00,1
81777.75289286301,60014,62.53,1
81778.25800640701,60014,62.53,1
81778.761067342,60015,63.00,1
81779.259637872,60016,63.47,1
81779.751314074,60016,63.47,1
81780.254701821,60017,63.93,1
81780.760928476,60016,63.47,1
81781.25938643501,60016,63.47,1
81781.75353440701,60016,63.47,1
81782.260545435,60016,63.47,1
81782.754561441,60016,63.47,1
81783.260035267,60017,63.93,1
81783.75531897901,60017,63.93,1
81784.25157237001,60017,63.93,1
81784.75198354801,60017,63.93,1
81785.253967186,60017,63.93,1
81785.758017884,60017,63.93,1
81786.26063824999,60018,64.40,1
81786.75685393,60019,64.87,1
81787.252950576,60019,64.87,1
81787.754962502,60019,64.87,1
81788.251192479,60020,65.33,1
81788.75239023499,60020,65.33,1
81789.25605919999,60020,65.33,1
81789.753962377,60021,65.80,1
81790.254306694,60021,65.80,1
81790.75990304499,60021,65.80,1
81791.256558037,60021,65.80,1
81791.754273516,60022,66.27,1
81792.25837245,60022,66.27,1
81792.75413151699,60022,66.27,1
81793.25125374099,60022,66.27,1
