1445214250.283,1445214250.383,192.030,53.061,66.315,-0.015,35.820,36.314
1445214250.383,1445214250.483,192.465,53.143,66.329,-0.005,35.771,36.356
1445214250.483,1445214250.583,152.428,53.301,26.764,0.018,35.684,36.164
1445214250.583,1445214250.683,177.597,53.340,51.183,0.005,35.783,36.539
1445214250.683,1445214250.783,166.517,53.327,40.433,0.015,35.731,36.141
1445214250.783,1445214250.883,162.615,53.305,36.518,-0.004,35.697,36.109
1445214250.883,1445214250.983,164.308,53.195,38.065,-0.028,35.951,36.400
1445214250.983,1445214251.083,161.499,53.206,35.075,0.004,36.066,36.420
1445214251.083,1445214251.183,166.200,53.206,39.102,0.035,35.906,37.501
1445214251.183,1445214251.283,164.376,53.113,38.980,0.019,35.676,35.719
1445214251.283,1445214251.383,161.906,53.013,35.948,0.038,35.840,36.275
1445214251.383,1445214251.483,165.868,53.179,39.818,-0.046,35.729,36.129
1445214251.483,1445214251.583,169.368,53.352,43.450,-0.010,35.761,36.326
1445214251.583,1445214251.683,167.197,53.250,41.406,-0.009,35.927,35.998
1445214251.683,1445214251.783,167.701,53.262,41.247,0.030,36.066,36.423
1445214251.783,1445214251.883,166.552,53.262,40.417,-0.027,35.671,36.523
1445214251.883,1445214251.983,160.210,53.257,34.176,-0.047,35.778,36.375
1445214251.983,1445214252.083,163.687,53.344,37.045,-0.036,36.012,36.589
1445214252.083,1445214252.183,162.618,53.208,36.131,-0.010,36.091,36.300
1445214252.183,1445214252.283,164.102,53.348,38.390,-0.010,35.743,36.219
1445214252.283,1445214252.383,167.068,53.361,41.076,0.025,35.712,36.084
1445214252.383,1445214252.483,160.135,53.212,33.944,0.009,36.013,36.353
1445214252.483,1445214252.583,165.251,53.322,39.223,0.002,35.928,36.160
1445214252.583,1445214252.683,168.843,53.089,43.170,-0.047,35.717,36.066
1445214252.683,1445214252.783,167.352,53.225,41.466,0.023,35.886,36.103
1445214252.783,1445214252.883,169.671,53.214,43.546,-0.055,35.766,36.434
1445214252.883,1445214252.983,180.688,53.127,54.790,0.009,35.689,36.259
1445214252.983,1445214253.083,173.308,53.167,46.949,-0.039,35.861,36.634
1445214253.083,1445214253.183,164.932,53.127,38.633,0.026,35.727,36.644
1445214253.183,1445214253.283,161.405,53.225,35.021,0.028,36.131,36.298
1445214253.283,1445214253.383,165.908,53.159,40.309,-0.005,35.840,36.075
1445214253.383,1445214253.483,167.228,53.467,40.972,-0.005,35.856,36.175
1445214253.483,1445214253.583,159.247,53.237,33.496,0.007,35.610,36.242
1445214253.583,1445214253.683,163.183,53.201,37.376,-0.017,35.737,36.226
1445214253.683,1445214253.783,161.885,53.357,36.009,0.004,35.757,36.114
1445214253.783,1445214253.883,163.884,53.432,37.718,0.000,35.651,36.289
1445214253.883,1445214253.983,162.587,53.084,36.689,0.014,35.877,36.215
1445214253.983,1445214254.083,162.407,53.405,35.823,-0.033,35.802,36.737
1445214254.083,1445214254.183,163.343,53.115,37.462,-0.001,35.654,36.210
1445214254.183,1445214254.283,162.323,53.253,36.195,-0.015,35.839,36.271
1445214254.283,1445214254.383,162.734,53.295,36.363,-0.012,35.989,36.241
1445214254.383,1445214254.483,162.361,53.055,36.480,-0.006,36.091,36.036
1445214254.483,1445214254.583,162.493,53.249,36.448,-0.005,35.985,36.267
1445214254.583,1445214254.683,163.858,53.257,38.101,0.002,35.669,36.120
1445214254.683,1445214254.783,167.570,53.569,41.276,0.000,35.778,36.273
1445214254.783,1445214254.883,161.213,53.254,35.365,0.008,35.657,36.286
1445214254.883,1445214254.983,163.345,53.118,37.420,0.007,35.729,36.426
1445214254.983,1445214255.083,163.703,53.204,37.904,0.019,35.828,36.134
1445214255.083,1445214255.183,174.361,53.300,48.221,-0.016,35.645,36.436
1445214255.183,1445214255.283,188.882,53.296,61.281,-0.044,35.983,37.542
1445214255.283,1445214255.383,193.207,53.149,67.518,-0.017,35.674,35.972
1445214255.383,1445214255.483,183.447,53.140,57.115,-0.055,35.917,36.532
1445214255.483,1445214255.583,166.071,53.142,40.284,0.024,35.784,36.027
1445214255.583,1445214255.683,160.387,53.273,34.065,-0.023,36.214,35.988
1445214255.683,1445214255.783,163.576,53.264,37.474,0.033,36.031,36.235
1445214255.783,1445214255.883,163.913,53.141,38.262,-0.014,35.647,36.117
1445214255.883,1445214255.983,169.338,53.113,43.330,0.016,35.714,36.108
1445214255.983,1445214256.083,166.592,53.427,40.443,0.003,35.869,36.166
1445214256.083,1445214256.183,167.713,53.313,42.001,0.024,35.632,36.068
1445214256.183,1445214256.283,168.140,53.175,42.200,-0.001,35.775,36.122
1445214256.283,1445214256.383,164.566,53.013,38.671,0.034,35.656,36.628
1445214256.383,1445214256.483,161.131,53.167,35.183,-0.020,35.999,36.147
1445214256.483,1445214256.583,163.655,53.288,37.756,-0.023,35.601,36.117
1445214256.583,1445214256.683,162.023,53.196,36.245,0.013,35.830,35.997
1445214256.683,1445214256.783,164.326,53.208,38.304,0.005,36.068,36.068
1445214256.783,1445214256.883,167.479,53.095,41.484,-0.037,35.611,36.326
1445214256.883,1445214256.983,161.707,53.065,36.132,-0.039,35.728,36.016
1445214256.983,1445214257.083,169.741,53.253,43.456,-0.057,35.767,36.280
1445214257.083,1445214257.183,164.821,53.170,39.058,-0.013,35.630,35.960
1445214257.183,1445214257.283,160.397,53.098,34.723,-0.021,35.767,36.171
1445214257.283,1445214257.383,165.427,53.098,39.342,0.029,35.909,36.372
1445214257.383,1445214257.483,170.342,53.498,43.964,-0.031,35.865,36.297
1445214257.483,1445214257.583,169.734,53.237,43.245,0.029,35.962,36.467
1445214257.583,1445214257.683,180.212,53.171,54.337,0.028,35.846,36.082
1445214257.683,1445214257.783,181.491,53.297,55.996,0.000,35.594,35.895
1445214257.782,1445214257.882,167.397,53.272,40.771,-0.002,36.045,36.431
1445214257.883,1445214257.983,162.576,53.255,36.154,-0.004,36.043,36.183
1445214257.983,1445214258.083,168.365,53.167,42.384,-0.014,35.714,36.257
1445214258.083,1445214258.183,159.076,53.120,33.442,-0.011,35.721,36.179
1445214258.182,1445214258.282,164.831,52.991,39.186,-0.032,35.746,36.010
1445214258.283,1445214258.383,167.950,53.109,42.279,-0.027,35.631,36.222
1445214258.383,1445214258.483,160.453,53.186,34.480,0.004,35.990,36.197
1445214258.482,1445214258.582,164.642,53.114,38.639,-0.004,35.718,36.420
1445214258.582,1445214258.682,167.044,53.236,41.078,-0.024,35.770,36.314
1445214258.682,1445214258.782,159.389,53.246,33.734,0.000,35.743,35.936
1445214258.782,1445214258.882,163.409,53.352,37.455,0.017,35.713,36.226
1445214258.883,1445214258.983,162.286,53.239,36.335,-0.013,35.803,36.309
1445214258.982,1445214259.082,163.568,53.230,36.841,-0.031,36.132,36.715
1445214259.082,1445214259.182,168.374,53.208,43.146,0.003,35.692,35.835
1445214259.182,1445214259.282,180.045,53.107,54.018,0.005,35.836,36.135
1445214259.282,1445214259.382,179.026,53.239,52.658,-0.008,35.987,36.430
1445214259.382,1445214259.482,170.786,53.198,44.789,0.045,35.814,36.221
1445214259.482,1445214259.582,173.469,53.179,47.784,0.030,35.740,36.154
1445214259.582,1445214259.682,163.823,53.315,37.838,-0.009,35.860,36.227
1445214259.682,1445214259.782,163.394,53.479,36.765,0.022,36.148,36.380
1445214259.782,1445214259.882,164.115,53.168,38.371,0.013,35.657,36.268
1445214259.882,1445214259.982,163.726,53.155,37.866,-0.006,35.690,36.058
1445214259.982,1445214260.082,168.823,53.283,42.756,0.016,35.869,36.322
1445214260.082,1445214260.182,167.051,53.192,40.933,0.004,35.989,36.140
1445214260.182,1445214260.282,167.757,53.460,41.445,-0.017,35.749,36.095
1445214260.282,1445214260.382,167.382,53.284,41.575,0.020,35.694,36.014
1445214260.382,1445214260.482,162.097,53.080,35.901,-0.009,35.840,36.450
1445214260.482,1445214260.582,162.286,53.357,36.062,-0.007,35.832,36.442
1445214260.582,1445214260.682,162.859,53.260,37.077,-0.008,35.794,36.115
1445214260.682,1445214260.782,163.361,53.351,37.624,-0.000,35.835,36.133
1445214260.782,1445214260.882,170.796,53.094,44.865,0.003,35.651,36.422
1445214260.882,1445214260.982,190.946,53.039,65.092,-0.001,35.759,36.295
1445214260.982,1445214261.082,181.109,53.236,54.153,-0.060,36.064,36.771
1445214261.082,1445214261.182,165.671,53.148,38.867,-0.047,35.998,37.049
1445214261.182,1445214261.282,163.491,53.157,38.039,-0.010,36.102,35.560
1445214261.282,1445214261.382,173.990,53.087,47.931,-0.025,35.935,36.269
1445214261.382,1445214261.482,158.391,53.150,32.304,0.016,35.980,36.082
1445214261.482,1445214261.582,162.860,53.263,37.244,-0.015,35.692,36.220
1445214261.582,1445214261.682,164.568,53.358,38.679,-0.009,35.730,36.074
1445214261.682,1445214261.782,166.733,53.279,40.531,0.005,35.894,36.182
1445214261.782,1445214261.882,162.431,53.299,36.622,-0.044,35.745,36.123
1445214261.882,1445214261.982,164.334,53.173,38.384,0.019,35.864,36.261
1445214261.982,1445214262.082,161.410,53.203,35.252,-0.045,35.782,36.404
1445214262.082,1445214262.182,163.319,53.200,37.443,-0.005,35.716,36.109
1445214262.182,1445214262.282,164.561,53.120,38.560,-0.002,35.949,36.115
1445214262.282,1445214262.382,167.502,53.347,41.598,-0.003,35.646,36.225
1445214262.382,1445214262.482,161.614,53.085,35.516,-0.028,36.045,36.117
1445214262.482,1445214262.582,165.113,53.281,38.774,-0.012,35.997,36.236
1445214262.582,1445214262.682,169.256,53.314,42.754,-0.000,35.981,36.302
1445214262.682,1445214262.782,164.470,53.078,38.807,-0.005,35.771,36.014
1445214262.782,1445214262.882,160.790,53.168,34.864,-0.018,35.663,36.355
1445214262.882,1445214262.982,162.990,53.202,37.259,-0.015,35.794,36.056
1445214262.982,1445214263.082,164.139,53.138,38.076,-0.023,36.032,36.093
1445214263.082,1445214263.182,170.285,53.209,44.214,-0.024,35.687,36.454
1445214263.182,1445214263.282,174.706,53.169,48.997,0.019,35.746,36.110
1445214263.282,1445214263.382,184.216,53.318,58.186,-0.014,35.757,36.355
1445214263.382,1445214263.482,170.156,53.184,44.250,-0.034,35.825,36.156
1445214263.483,1445214263.583,165.886,53.242,39.831,-0.021,35.857,36.221
1445214263.582,1445214263.682,165.005,53.359,38.947,-0.006,35.951,36.067
1445214263.682,1445214263.782,170.501,53.189,44.137,0.002,36.437,36.112
1445214263.783,1445214263.883,168.828,53.325,42.835,-0.027,35.643,36.359
1445214263.883,1445214263.983,160.146,53.086,34.429,-0.000,35.765,36.241
1445214263.983,1445214264.083,162.921,53.363,36.466,-0.004,35.787,36.305
1445214264.083,1445214264.183,163.787,53.146,38.395,0.003,35.641,35.974
1445214264.183,1445214264.283,169.181,53.249,42.975,-0.006,35.886,36.458
1445214264.283,1445214264.383,163.066,53.242,37.250,0.015,35.685,36.247
1445214264.383,1445214264.483,161.494,53.348,35.644,0.002,35.883,35.992
1445214264.483,1445214264.583,163.925,53.130,38.011,-0.004,35.709,36.238
1445214264.583,1445214264.683,162.466,53.129,36.529,-0.022,35.827,36.296
1445214264.683,1445214264.783,163.934,53.457,38.074,-0.029,35.826,36.127
1445214264.783,1445214264.883,167.437,53.567,41.132,-0.029,35.979,36.118
1445214264.883,1445214264.983,162.150,53.364,35.951,-0.032,35.798,36.187
1445214264.983,1445214265.083,169.729,53.481,43.475,-0.049,35.820,36.420
1445214265.083,1445214265.183,164.651,53.123,38.832,-0.003,35.694,36.102
1445214265.183,1445214265.283,162.362,53.262,36.514,-0.011,35.837,36.040
1445214265.283,1445214265.383,168.080,53.173,42.286,-0.014,35.710,36.301
1445214265.383,1445214265.483,160.464,53.171,34.405,0.034,35.802,36.369
1445214265.483,1445214265.583,166.385,53.279,39.993,-0.045,35.958,36.515
1445214265.583,1445214265.683,175.838,53.388,49.556,0.007,35.817,36.462
1445214265.683,1445214265.783,178.370,53.279,52.075,-0.018,35.776,36.426
1445214265.783,1445214265.883,168.058,53.438,41.807,-0.022,35.801,36.402
1445214265.883,1445214265.983,160.923,53.152,35.109,-0.006,35.888,35.942
1445214265.983,1445214266.083,165.964,53.376,39.339,-0.005,36.142,36.485
1445214266.083,1445214266.183,168.842,53.551,42.940,0.005,35.691,36.177
1445214266.183,1445214266.283,165.003,53.161,39.045,0.019,35.837,36.049
1445214266.283,1445214266.383,162.887,53.223,37.113,-0.016,35.660,36.185
1445214266.383,1445214266.483,162.989,53.152,37.151,0.000,35.804,36.038
1445214266.483,1445214266.583,164.006,53.190,38.083,-0.033,35.842,36.313
1445214266.583,1445214266.683,169.101,53.204,43.053,-0.008,35.723,36.448
1445214266.683,1445214266.783,166.574,53.241,40.558,0.038,35.749,36.335
1445214266.783,1445214266.883,165.779,53.314,39.889,0.004,35.834,36.070
1445214266.883,1445214266.983,162.386,53.171,36.840,0.005,35.740,36.007
1445214266.983,1445214267.083,168.493,53.367,41.807,0.030,36.019,36.502
1445214267.083,1445214267.183,159.977,53.285,34.126,0.014,36.001,36.081
1445214267.183,1445214267.283,163.164,53.133,37.306,0.023,35.834,36.108
1445214267.283,1445214267.383,162.642,53.222,36.607,0.025,35.766,36.489
1445214267.383,1445214267.483,163.267,53.233,37.039,-0.001,35.873,36.416
1445214267.483,1445214267.583,162.316,53.241,36.514,0.004,35.825,36.063
1445214267.583,1445214267.683,163.268,53.274,36.777,-0.003,36.240,36.358
1445214267.683,1445214267.783,163.336,53.166,36.761,-0.001,36.334,36.277
1445214267.783,1445214267.883,162.801,53.475,36.232,-0.014,35.685,36.760
1445214267.883,1445214267.983,162.153,53.181,36.475,-0.039,35.796,35.840
1445214267.983,1445214268.083,162.520,53.273,36.268,0.035,35.958,36.249
1445214268.083,1445214268.183,162.561,53.206,36.516,0.027,35.880,36.211
1445214268.183,1445214268.283,162.288,53.062,36.400,-0.027,35.877,36.157
1445214268.283,1445214268.383,162.808,53.242,36.730,0.016,35.973,36.146
1445214268.383,1445214268.483,169.596,53.265,43.877,0.031,35.657,36.108
1445214268.483,1445214268.583,176.708,53.453,50.340,0.025,35.899,36.190
1445214268.583,1445214268.683,167.723,53.292,41.718,0.013,35.869,36.270
1445214268.683,1445214268.783,164.691,53.174,38.848,-0.019,35.704,36.144
1445214268.787,1445214268.887,162.884,53.299,36.581,-0.036,35.801,36.535
1445214268.883,1445214268.983,162.670,53.156,36.638,0.011,35.796,36.364
1445214268.983,1445214269.083,165.192,53.257,39.288,0.002,35.873,36.289
1445214269.083,1445214269.183,168.218,53.209,42.432,-0.000,35.739,36.145
1445214269.183,1445214269.283,166.645,53.186,40.772,0.003,35.749,36.074
1445214269.283,1445214269.383,165.823,53.354,39.302,-0.044,36.020,36.342
1445214269.383,1445214269.483,161.002,53.364,34.815,-0.023,36.068,36.122
1445214269.483,1445214269.583,162.748,53.265,37.151,0.016,35.525,35.956
1445214269.583,1445214269.683,164.457,53.279,38.228,-0.017,35.904,36.173
1445214269.683,1445214269.783,164.181,53.747,37.767,0.008,35.840,35.972
1445214269.783,1445214269.883,162.622,53.454,35.912,0.012,36.013,36.296
1445214269.883,1445214269.983,163.795,53.386,37.581,0.019,35.651,36.083
1445214269.983,1445214270.083,165.000,53.575,38.644,0.024,35.850,36.393
1445214270.083,1445214270.183,168.710,53.023,42.837,-0.015,35.640,36.515
1445214270.183,1445214270.283,164.037,53.347,38.331,-0.016,35.826,35.824
1445214270.283,1445214270.383,161.207,53.297,35.247,-0.039,35.754,36.345
1445214270.383,1445214270.483,165.237,53.261,39.089,-0.019,35.829,36.220
1445214270.483,1445214270.583,169.290,53.278,42.935,0.015,36.004,36.409
1445214270.583,1445214270.683,167.165,53.253,41.024,0.010,35.988,36.019
1445214270.683,1445214270.783,165.697,53.315,39.818,-0.004,35.669,36.085
1445214270.783,1445214270.883,163.811,53.219,37.721,-0.003,35.809,36.305
1445214270.883,1445214270.983,162.498,53.316,36.319,-0.018,35.776,36.227
1445214270.983,1445214271.083,162.355,53.326,36.533,-0.008,35.778,36.033
1445214271.083,1445214271.183,162.826,53.247,36.826,0.015,35.832,36.336
1445214271.183,1445214271.283,162.404,53.421,36.213,0.013,35.864,36.358
1445214271.283,1445214271.383,162.717,53.184,36.686,-0.034,35.696,36.318
1445214271.383,1445214271.483,162.383,53.263,36.265,0.015,35.792,36.255
1445214271.483,1445214271.583,162.327,53.346,36.553,-0.003,35.741,36.240
1445214271.583,1445214271.683,163.108,53.296,36.455,-0.006,36.128,36.523
1445214271.683,1445214271.783,163.295,53.197,36.580,0.011,36.321,36.532
1445214271.783,1445214271.883,163.248,53.187,37.021,-0.005,35.767,36.398
1445214271.883,1445214271.983,166.044,53.115,40.119,0.012,35.791,36.426
1445214271.983,1445214272.083,164.239,53.340,38.126,0.032,35.886,36.304
1445214272.083,1445214272.183,166.304,53.160,40.538,-0.037,35.728,36.162
1445214272.183,1445214272.283,161.009,53.170,35.190,-0.007,35.824,36.219
1445214272.283,1445214272.383,163.360,53.269,37.151,0.038,35.958,36.166
1445214272.383,1445214272.483,162.210,53.227,36.205,-0.041,35.749,36.362
1445214272.483,1445214272.583,162.264,53.269,36.402,0.016,35.788,36.103
1445214272.583,1445214272.683,164.277,53.279,38.098,-0.001,36.068,36.226
1445214272.683,1445214272.783,169.267,53.298,43.134,0.026,36.109,36.066
1445214272.783,1445214272.883,167.410,53.260,41.287,-0.039,35.924,36.347
1445214272.883,1445214272.983,167.817,53.145,41.586,0.001,35.867,36.494
1445214272.983,1445214273.083,164.123,53.497,37.959,0.024,35.761,36.458
1445214273.083,1445214273.183,162.040,53.341,35.809,-0.006,35.993,36.235
1445214273.183,1445214273.283,162.934,53.357,36.748,-0.050,35.876,36.346
1445214273.283,1445214273.383,162.429,53.306,36.809,0.016,35.763,36.170
1445214273.383,1445214273.483,163.604,53.380,37.595,-0.006,35.845,36.108
1445214273.483,1445214273.583,164.014,53.351,37.756,-0.035,35.750,36.608
1445214273.583,1445214273.683,168.822,53.229,42.975,0.003,35.886,36.113
1445214273.683,1445214273.783,164.928,53.347,38.889,-0.004,35.851,36.122
1445214273.783,1445214273.883,160.902,53.316,34.971,-0.003,35.838,36.267
1445214273.883,1445214273.983,165.743,53.295,39.332,-0.018,36.158,36.125
1445214273.983,1445214274.083,169.833,53.337,43.569,0.015,36.071,36.275
1445214274.083,1445214274.183,163.976,53.103,38.111,-0.016,35.600,36.325
1445214274.183,1445214274.283,160.600,53.143,34.850,-0.016,35.894,35.956
1445214274.283,1445214274.383,163.102,53.216,37.292,0.001,35.655,36.249
1445214274.383,1445214274.483,164.495,53.162,38.822,0.014,35.833,36.063
1445214274.483,1445214274.583,162.952,53.310,36.936,-0.032,35.669,36.255
1445214274.583,1445214274.683,162.668,53.181,36.538,-0.004,35.746,36.380
1445214274.683,1445214274.783,162.542,53.403,36.427,0.032,35.855,36.180
1445214274.783,1445214274.883,164.423,53.387,38.476,-0.008,35.624,36.127
1445214274.883,1445214274.983,162.666,53.173,36.799,0.018,35.764,36.266
1445214274.982,1445214275.082,161.626,53.169,35.591,0.022,35.913,36.264
1445214275.083,1445214275.183,162.652,53.107,36.765,-0.020,35.845,36.278
1445214275.182,1445214275.282,162.970,53.235,36.010,0.002,35.895,37.191
1445214275.282,1445214275.382,164.775,53.212,38.780,-0.008,35.556,36.528
1445214275.382,1445214275.482,166.585,53.240,40.796,0.006,35.817,35.908
1445214275.482,1445214275.582,161.294,53.266,34.936,0.012,35.673,36.656
1445214275.582,1445214275.682,163.319,53.213,37.685,-0.001,35.841,35.885
1445214275.682,1445214275.782,163.059,53.253,36.429,0.006,36.379,36.423
1445214275.782,1445214275.882,162.548,53.319,36.554,0.000,35.552,36.439
1445214275.882,1445214275.982,162.204,53.206,36.505,0.015,35.810,35.941
1445214275.982,1445214276.082,162.586,53.260,36.262,0.028,36.001,36.204
1445214276.082,1445214276.182,162.056,53.228,36.531,-0.004,35.582,36.042
1445214276.182,1445214276.282,162.326,53.183,36.257,-0.014,36.067,36.290
1445214276.282,1445214276.382,162.233,53.058,36.387,-0.005,35.928,36.230
1445214276.382,1445214276.482,161.973,53.113,36.333,-0.001,35.733,36.163
1445214276.482,1445214276.582,162.878,53.229,37.139,-0.004,35.632,36.174
1445214276.582,1445214276.682,162.616,53.506,36.619,0.001,35.778,36.091
1445214276.682,1445214276.782,164.154,53.243,38.220,0.004,35.912,35.980
1445214276.782,1445214276.882,167.207,53.205,41.296,0.044,35.570,36.326
1445214276.882,1445214276.982,161.398,53.105,35.316,0.025,35.802,36.570
1445214276.982,1445214277.082,163.207,53.224,37.280,-0.001,35.861,36.157
1445214277.082,1445214277.182,161.967,53.136,36.146,0.009,35.593,36.180
1445214277.182,1445214277.282,162.380,53.169,36.415,-0.017,35.875,36.106
1445214277.282,1445214277.382,162.138,53.159,36.519,0.004,35.704,36.025
1445214277.382,1445214277.482,162.984,53.318,36.409,0.002,36.102,36.312
1445214277.482,1445214277.582,163.756,53.296,38.087,-0.007,35.635,36.230
1445214277.582,1445214277.682,172.582,53.297,46.528,-0.034,35.875,36.016
1445214277.682,1445214277.782,177.270,53.394,51.107,-0.008,36.202,36.065
1445214277.782,1445214277.882,168.162,53.316,42.073,-0.011,35.788,36.175
1445214277.882,1445214277.982,160.230,53.219,34.318,0.024,35.795,36.169
1445214277.982,1445214278.082,165.161,53.310,38.850,0.013,35.996,36.557
1445214278.082,1445214278.182,166.679,53.167,40.594,-0.032,35.793,36.299
1445214278.182,1445214278.282,159.617,53.300,33.708,0.008,35.904,36.060
1445214278.282,1445214278.382,163.285,53.197,37.471,0.006,35.774,36.108
1445214278.382,1445214278.482,161.888,53.132,36.153,-0.003,35.719,36.052
1445214278.482,1445214278.582,164.321,53.377,38.081,-0.001,35.990,36.262
1445214278.582,1445214278.682,163.955,53.294,38.077,-0.013,35.778,36.098
1445214278.682,1445214278.782,161.181,53.302,35.167,0.012,35.849,35.977
1445214278.782,1445214278.882,164.145,53.142,38.449,0.024,35.716,36.251
1445214278.882,1445214278.982,162.501,53.194,36.718,-0.033,35.626,36.110
1445214278.982,1445214279.082,165.063,53.223,38.786,0.004,35.901,36.588
1445214279.082,1445214279.182,167.907,53.209,42.033,0.013,35.756,36.281
1445214279.182,1445214279.282,160.706,53.260,34.788,-0.016,35.756,36.284
1445214279.282,1445214279.382,163.475,53.273,37.089,-0.009,35.950,36.657
1445214279.382,1445214279.482,162.184,53.152,36.427,0.059,35.732,36.126
1445214279.482,1445214279.582,162.293,53.289,36.292,0.028,35.671,36.214
1445214279.582,1445214279.682,162.636,53.227,36.545,0.017,35.994,36.111
1445214279.682,1445214279.782,163.076,53.420,36.707,0.019,36.470,36.010
1445214279.782,1445214279.882,162.492,53.577,36.301,0.019,35.580,36.318
1445214279.882,1445214279.982,162.217,53.270,36.547,0.017,35.778,36.059
1445214279.982,1445214280.082,163.871,53.207,37.778,0.017,35.861,36.166
1445214280.082,1445214280.182,165.150,53.426,38.996,-0.016,35.797,36.227
1445214280.182,1445214280.282,164.045,53.302,37.823,-0.004,35.830,36.160
1445214280.282,1445214280.382,161.415,53.224,35.698,-0.015,35.705,36.259
1445214280.382,1445214280.482,163.461,53.567,37.167,0.015,35.809,36.192
1445214280.482,1445214280.582,163.708,53.124,37.813,0.014,35.735,36.394
1445214280.582,1445214280.682,164.469,53.286,38.139,-0.035,35.701,36.518
1445214280.682,1445214280.782,161.239,53.086,35.217,-0.003,35.799,36.243
1445214280.782,1445214280.882,163.249,53.261,37.190,0.009,35.984,36.296
1445214280.882,1445214280.982,162.283,53.479,36.308,-0.004,35.849,36.069
1445214280.982,1445214281.082,164.196,53.136,37.850,-0.000,35.797,36.462
1445214281.082,1445214281.182,166.058,53.238,38.892,0.012,35.741,37.550
1445214281.182,1445214281.282,163.384,53.229,37.660,0.014,35.801,35.915
1445214281.282,1445214281.382,161.452,53.282,35.559,-0.012,35.786,36.239
1445214281.382,1445214281.482,163.399,53.222,37.066,0.004,36.157,36.313
1445214281.482,1445214281.582,164.200,53.080,38.321,0.000,35.769,36.183
1445214281.583,1445214281.683,167.026,53.318,41.060,0.020,35.755,36.190
1445214281.683,1445214281.783,160.268,53.278,34.443,0.031,35.802,36.054
1445214281.783,1445214281.883,163.514,53.190,37.214,0.006,35.898,36.571
1445214281.883,1445214281.983,165.966,53.108,39.981,-0.016,35.857,36.381
1445214281.983,1445214282.083,170.481,53.551,43.904,-0.005,36.090,36.471
1445214282.083,1445214282.183,164.367,53.218,38.842,0.002,35.588,36.072
1445214282.183,1445214282.283,162.044,53.070,35.770,0.019,36.051,36.190
1445214282.283,1445214282.383,163.038,53.394,37.013,0.001,35.746,36.228
1445214282.383,1445214282.483,162.199,53.087,36.207,-0.005,36.078,36.061
1445214282.483,1445214282.583,162.230,53.242,36.463,-0.016,35.553,36.303
1445214282.583,1445214282.683,162.977,53.195,36.740,0.027,35.891,36.265
1445214282.683,1445214282.783,164.645,53.309,38.301,0.001,36.148,36.215
1445214282.783,1445214282.883,165.370,53.127,39.586,-0.037,35.735,36.187
1445214282.883,1445214282.983,161.312,53.138,35.481,-0.031,35.769,36.220
1445214282.983,1445214283.083,164.723,53.177,38.759,-0.011,35.935,36.127
1445214283.083,1445214283.183,169.116,53.358,42.853,0.030,36.031,36.236
1445214283.183,1445214283.283,163.186,53.244,36.616,-0.005,35.749,36.951
1445214283.283,1445214283.383,161.836,53.105,35.575,0.019,35.979,36.180
1445214283.383,1445214283.483,163.053,53.348,37.044,0.029,35.766,36.281
1445214283.483,1445214283.583,162.100,53.339,36.122,0.006,35.697,36.156
1445214283.583,1445214283.683,162.691,53.343,36.462,-0.023,35.907,36.138
1445214283.683,1445214283.783,164.880,53.180,38.558,-0.000,36.190,36.354
1445214283.783,1445214283.883,165.850,53.308,39.682,0.017,35.713,36.437
1445214283.883,1445214283.983,160.835,53.259,34.977,0.009,35.811,36.083
1445214283.983,1445214284.083,165.910,53.262,39.813,-0.009,35.779,36.273
1445214284.083,1445214284.183,168.267,53.289,42.598,0.028,35.757,36.059
1445214284.183,1445214284.283,164.676,53.234,38.388,-0.037,36.076,36.262
1445214284.283,1445214284.383,168.217,53.111,42.060,0.001,35.997,36.240
1445214284.383,1445214284.483,167.236,53.398,41.278,0.011,35.697,36.082
1445214284.483,1445214284.583,167.033,53.296,41.011,-0.000,35.797,36.328
1445214284.583,1445214284.683,167.389,53.351,41.350,-0.004,35.764,36.080
1445214284.683,1445214284.783,167.067,53.266,41.213,-0.048,35.747,36.215
1445214284.783,1445214284.883,166.961,53.545,40.606,0.006,35.820,36.228
1445214284.883,1445214284.983,161.627,53.290,35.225,-0.039,35.808,36.501
1445214284.983,1445214285.083,164.380,53.206,38.459,0.022,35.748,36.237
1445214285.083,1445214285.183,169.352,53.563,43.210,-0.011,35.755,36.142
1445214285.183,1445214285.283,164.680,53.568,37.242,-0.046,35.793,37.325
1445214285.283,1445214285.383,164.430,53.420,37.552,0.018,35.871,36.825
1445214285.383,1445214285.483,166.375,53.199,40.599,-0.031,36.136,35.766
1445214285.483,1445214285.583,160.255,53.546,33.973,-0.002,35.559,36.590
1445214285.583,1445214285.683,164.005,53.408,37.611,0.001,35.923,36.235
1445214285.683,1445214285.783,161.879,53.312,36.048,-0.001,35.796,35.991
1445214285.783,1445214285.883,162.824,53.340,36.531,0.018,35.995,36.258
1445214285.883,1445214285.983,162.514,53.146,36.844,-0.015,35.714,36.113
1445214285.983,1445214286.083,162.937,53.222,36.514,-0.002,35.897,36.529
1445214286.083,1445214286.183,164.238,53.170,38.545,-0.010,35.663,36.117
1445214286.183,1445214286.283,164.803,53.380,38.796,0.008,35.830,36.176
1445214286.283,1445214286.383,160.919,53.259,34.920,-0.019,35.803,36.481
1445214286.383,1445214286.483,163.476,53.357,37.252,-0.020,36.135,35.927
1445214286.483,1445214286.583,162.482,53.467,36.074,-0.015,35.911,36.324
1445214286.583,1445214286.683,164.523,53.475,38.294,0.020,35.834,36.168
1445214286.683,1445214286.783,168.668,53.251,42.640,-0.055,35.815,36.102
1445214286.783,1445214286.883,161.043,53.294,35.015,0.016,35.798,36.309
1445214286.883,1445214286.983,162.820,53.146,37.114,0.010,35.818,36.022
1445214286.983,1445214287.083,162.736,53.164,36.721,0.025,35.818,36.280
1445214287.083,1445214287.183,162.587,53.240,36.424,-0.044,35.787,36.427
1445214287.183,1445214287.283,164.271,53.340,38.212,-0.003,35.761,36.229
1445214287.283,1445214287.383,162.268,53.207,36.174,-0.004,35.791,36.410
1445214287.383,1445214287.483,164.444,53.298,38.070,0.010,35.899,36.508
1445214287.483,1445214287.583,164.335,53.463,38.121,-0.019,35.695,36.250
1445214287.583,1445214287.683,169.421,53.570,42.846,-0.014,36.124,36.069
1445214287.683,1445214287.783,165.660,53.220,39.079,-0.000,36.605,36.173
1445214287.783,1445214287.883,160.787,53.373,34.734,0.013,35.750,36.298
1445214287.883,1445214287.983,163.170,53.086,37.202,-0.033,35.933,36.180
1445214287.983,1445214288.083,164.150,53.344,38.325,0.007,35.807,36.111
1445214288.083,1445214288.183,168.938,53.295,42.989,0.023,35.769,36.374
1445214288.183,1445214288.283,168.883,53.287,41.329,0.005,35.766,37.557
1445214288.283,1445214288.383,164.475,53.288,38.712,0.019,35.890,36.080
1445214288.383,1445214288.483,162.473,53.161,35.881,-0.026,36.257,36.546
1445214288.483,1445214288.583,162.103,53.326,36.487,-0.023,35.775,36.113
1445214288.583,1445214288.683,162.514,53.406,36.454,-0.038,35.774,36.159
1445214288.683,1445214288.783,162.646,53.500,36.412,-0.027,35.848,36.151
1445214288.783,1445214288.883,164.270,53.591,37.779,0.019,35.899,36.220
1445214288.883,1445214288.983,162.738,53.276,36.567,0.015,36.068,36.126
1445214288.983,1445214289.083,162.220,53.245,36.256,0.009,35.783,36.185
1445214289.083,1445214289.183,162.670,53.310,36.574,-0.039,35.760,36.325
1445214289.183,1445214289.283,165.335,53.093,39.487,0.012,35.829,36.080
1445214289.283,1445214289.383,165.878,53.190,39.541,-0.001,35.994,36.463
1445214289.383,1445214289.483,160.924,53.235,34.769,-0.001,35.748,36.544
1445214289.483,1445214289.583,163.943,53.388,37.534,-0.022,35.827,36.387
1445214289.583,1445214289.683,161.949,53.429,35.970,0.014,35.720,36.055
1445214289.683,1445214289.783,162.474,53.263,36.547,0.040,35.843,36.179
1445214289.783,1445214289.883,162.894,53.618,36.488,0.011,35.677,36.269
1445214289.883,1445214289.983,164.932,53.454,38.431,0.019,35.989,36.223
1445214289.983,1445214290.083,169.427,53.227,42.983,0.074,36.190,36.334
1445214290.083,1445214290.183,166.538,53.377,40.652,0.001,35.711,36.027
1445214290.183,1445214290.283,163.429,53.226,37.130,-0.001,35.797,36.816
1445214290.283,1445214290.383,163.505,53.319,36.442,0.011,35.769,37.348
1445214290.383,1445214290.483,162.283,53.355,36.602,0.032,35.822,35.719
1445214290.483,1445214290.583,164.538,53.354,38.139,-0.026,35.947,36.455
1445214290.583,1445214290.683,167.653,53.233,41.477,0.006,35.725,36.494
1445214290.683,1445214290.783,161.985,53.370,35.845,-0.012,35.649,36.261
1445214290.783,1445214290.883,169.374,53.359,42.979,-0.006,35.776,36.350
1445214290.883,1445214290.983,160.261,53.159,34.244,0.021,35.878,36.121
1445214290.983,1445214291.083,163.404,53.450,36.826,-0.033,36.202,36.124
1445214291.083,1445214291.183,162.814,53.102,36.946,-0.014,35.933,36.096
1445214291.183,1445214291.283,163.600,53.308,37.406,-0.002,36.117,36.117
1445214291.283,1445214291.383,164.252,53.206,37.951,0.017,35.975,36.395
1445214291.383,1445214291.483,166.513,53.305,40.413,-0.028,35.741,36.386
1445214291.482,1445214291.582,160.302,53.420,34.233,0.003,35.792,36.203
1445214291.582,1445214291.682,163.425,53.129,37.318,0.010,35.989,36.233
1445214291.682,1445214291.782,162.390,53.224,36.503,-0.021,36.084,35.964
1445214291.782,1445214291.882,162.897,53.247,36.764,-0.039,35.796,36.508
1445214291.882,1445214291.982,162.726,53.155,36.731,0.017,35.789,36.372
1445214291.982,1445214292.082,162.331,53.270,36.614,-0.008,35.828,36.022
1445214292.082,1445214292.182,162.814,53.388,36.850,-0.002,35.690,36.097
1445214292.182,1445214292.282,164.345,53.294,38.126,-0.019,35.794,36.111
1445214292.282,1445214292.382,166.730,53.213,40.658,-0.018,35.977,36.141
1445214292.383,1445214292.483,168.000,53.130,41.853,0.015,36.074,36.121
1445214292.482,1445214292.582,164.525,53.239,38.602,0.016,35.754,36.153
1445214292.582,1445214292.682,162.939,53.220,36.807,0.016,35.989,36.210
1445214292.682,1445214292.782,162.798,53.242,36.933,0.005,35.823,35.983
1445214292.782,1445214292.882,162.442,53.345,36.123,0.006,35.986,36.281
1445214292.882,1445214292.982,162.419,53.109,36.909,-0.018,35.596,36.130
1445214292.982,1445214293.082,164.786,53.167,38.226,-0.005,36.074,36.639
1445214293.082,1445214293.182,166.921,53.193,41.080,0.007,35.587,36.213
1445214293.182,1445214293.282,166.737,53.209,34.111,-0.027,35.805,42.898
1445214293.282,1445214293.382,168.864,53.177,37.212,-0.025,35.696,42.058
1445214293.382,1445214293.482,167.612,53.155,36.321,0.000,36.038,41.197
1445214293.482,1445214293.582,170.689,53.380,38.264,0.017,36.036,42.306
1445214293.582,1445214293.682,173.286,53.306,42.151,0.031,35.825,41.574
1445214293.682,1445214293.782,165.970,53.227,34.556,0.008,35.695,41.635
1445214293.782,1445214293.882,168.291,53.350,36.839,0.012,35.763,41.685
1445214293.882,1445214293.982,167.729,53.103,36.484,0.005,35.748,41.641
1445214293.982,1445214294.082,166.733,53.272,36.409,-0.025,36.021,40.380
1445214294.082,1445214294.182,162.076,53.056,38.035,-0.011,35.655,34.604
1445214294.182,1445214294.282,162.903,53.275,36.370,-0.041,35.853,36.713
1445214294.282,1445214294.382,166.062,53.131,40.584,0.009,35.717,36.147
1445214294.382,1445214294.482,166.381,53.256,40.564,-0.003,35.837,36.140
1445214294.482,1445214294.582,166.190,53.373,40.162,0.017,35.735,36.293
1445214294.582,1445214294.682,163.055,53.145,36.977,-0.011,35.996,36.014
1445214294.682,1445214294.782,164.234,53.392,37.791,-0.004,35.995,36.349
1445214294.782,1445214294.882,162.788,53.546,36.711,0.002,35.716,36.096
1445214294.882,1445214294.982,162.380,53.298,36.330,0.000,35.723,36.385
1445214294.982,1445214295.082,164.440,53.293,38.358,-0.017,35.963,36.105
1445214295.082,1445214295.182,168.926,53.141,43.136,-0.010,35.538,36.130
1445214295.182,1445214295.282,165.221,53.143,38.789,0.029,35.802,36.741
1445214295.282,1445214295.382,162.966,53.178,36.045,0.017,35.690,37.397
1445214295.382,1445214295.482,162.460,53.190,37.037,-0.002,35.890,35.815
1445214295.482,1445214295.582,162.217,53.228,36.214,-0.012,35.645,36.361
1445214295.582,1445214295.682,163.385,53.293,37.099,-0.008,35.987,36.316
1445214295.682,1445214295.782,163.647,53.230,36.938,0.025,36.251,36.358
1445214295.782,1445214295.882,162.285,53.344,36.206,-0.032,35.944,36.140
1445214295.882,1445214295.982,162.380,53.235,36.536,0.009,35.704,36.172
1445214295.982,1445214296.082,162.524,53.374,36.370,0.003,36.040,36.206
1445214296.082,1445214296.182,162.029,53.029,36.678,-0.013,35.593,35.936
1445214296.182,1445214296.282,162.656,53.387,36.479,-0.013,35.802,36.194
1445214296.282,1445214296.382,162.776,53.308,36.872,0.009,35.664,36.297
1445214296.382,1445214296.482,162.736,53.255,36.749,-0.014,35.809,36.300
1445214296.482,1445214296.582,162.418,53.221,36.445,0.010,35.748,36.279
1445214296.582,1445214296.682,162.621,53.170,36.991,-0.032,35.749,35.983
1445214296.682,1445214296.782,168.899,53.414,42.832,-0.009,35.844,36.063
1445214296.782,1445214296.882,175.990,53.316,49.938,-0.005,35.836,36.212
1445214296.882,1445214296.982,172.424,53.058,46.582,-0.003,35.911,36.201
1445214296.982,1445214297.082,167.817,53.255,41.614,0.031,36.032,36.117
1445214297.082,1445214297.182,161.256,53.119,35.745,-0.007,35.531,36.195
1445214297.182,1445214297.282,162.980,53.408,37.141,0.013,35.981,35.962
1445214297.282,1445214297.382,161.954,53.151,36.227,-0.031,35.567,36.340
1445214297.382,1445214297.482,162.684,53.049,36.980,-0.014,35.916,36.087
1445214297.482,1445214297.582,162.841,53.258,36.624,-0.033,35.630,36.638
1445214297.582,1445214297.682,162.447,53.216,36.408,0.038,35.765,36.358
1445214297.682,1445214297.782,162.910,53.264,36.767,0.014,35.931,36.461
1445214297.782,1445214297.882,165.232,53.296,38.493,0.022,35.984,36.596
1445214297.882,1445214297.982,168.779,53.102,43.150,-0.017,35.602,36.228
1445214297.982,1445214298.082,167.133,53.439,40.901,-0.045,36.113,36.126
1445214298.082,1445214298.182,166.225,53.182,40.185,-0.025,35.894,36.085
1445214298.182,1445214298.282,161.354,53.294,35.480,-0.028,35.844,36.013
1445214298.282,1445214298.382,162.397,53.073,36.775,-0.024,35.654,36.155
1445214298.382,1445214298.482,162.345,53.105,36.497,0.002,35.823,36.093
1445214298.482,1445214298.582,164.414,53.234,38.288,-0.012,35.782,36.470
1445214298.582,1445214298.682,167.525,53.201,41.326,0.006,36.016,36.394
1445214298.682,1445214298.782,160.221,53.340,34.240,0.006,35.766,36.294
1445214298.782,1445214298.882,163.377,53.226,37.524,0.006,35.752,36.141
1445214298.882,1445214298.982,163.264,53.110,37.275,0.014,35.946,36.239
1445214298.982,1445214299.082,164.818,53.268,38.852,-0.026,35.912,36.162
1445214299.082,1445214299.182,163.310,53.202,37.702,0.027,35.666,36.134
1445214299.182,1445214299.282,162.074,53.218,36.134,-0.015,35.959,36.005
1445214299.282,1445214299.382,164.917,53.089,38.389,0.002,36.209,36.678
1445214299.383,1445214299.483,165.602,53.124,39.813,0.005,35.628,36.183
1445214299.483,1445214299.583,160.315,53.281,34.343,-0.034,35.691,36.125
1445214299.583,1445214299.683,163.355,53.115,37.335,-0.024,35.925,36.202
1445214299.683,1445214299.783,162.872,53.332,36.423,0.006,36.226,36.253
1445214299.783,1445214299.883,162.776,53.433,36.691,0.009,35.601,36.439
1445214299.883,1445214299.983,162.450,53.239,36.339,0.035,35.795,36.389
1445214299.983,1445214300.083,163.921,53.280,37.872,-0.011,35.971,36.145
1445214300.083,1445214300.183,163.114,53.220,37.566,0.054,35.538,36.158
1445214300.183,1445214300.283,162.266,53.272,36.216,-0.019,35.788,36.035
1445214300.283,1445214300.383,164.555,53.198,38.880,-0.019,35.750,36.092
1445214300.383,1445214300.483,167.331,53.379,40.942,0.039,36.092,36.196
1445214300.483,1445214300.583,163.393,53.078,37.650,0.021,35.792,36.214
1445214300.583,1445214300.683,172.765,53.200,46.829,-0.006,35.740,36.279
1445214300.683,1445214300.783,169.972,53.379,43.710,0.017,35.802,36.361
1445214300.783,1445214300.883,165.330,53.240,39.128,0.000,35.647,36.355
1445214300.883,1445214300.983,161.456,53.399,35.269,0.024,35.871,36.108
1445214300.983,1445214301.083,163.097,53.041,36.914,0.017,36.025,36.471
1445214301.083,1445214301.183,162.033,53.176,36.178,-0.025,35.583,36.329
1445214301.183,1445214301.283,162.479,53.318,36.752,0.005,35.842,35.933
1445214301.283,1445214301.383,164.348,53.117,38.543,0.039,35.817,36.236
1445214301.383,1445214301.483,166.065,53.266,40.420,0.008,35.736,35.968
1445214301.483,1445214301.583,162.029,53.181,35.728,-0.043,36.024,36.443
1445214301.583,1445214301.683,165.352,53.211,39.399,0.006,35.762,36.108
1445214301.683,1445214301.783,168.261,53.267,42.267,0.016,36.018,36.159
1445214301.783,1445214301.883,165.827,53.269,39.915,0.025,35.724,36.250
1445214301.883,1445214301.983,161.055,53.216,35.264,-0.015,35.782,36.244
1445214301.983,1445214302.083,163.727,53.274,37.257,-0.008,36.230,36.338
1445214302.083,1445214302.183,162.515,53.182,36.637,-0.009,35.622,36.141
1445214302.183,1445214302.283,162.927,53.433,36.595,-0.006,35.858,36.299
1445214302.283,1445214302.383,162.774,53.409,36.699,-0.015,35.700,36.024
1445214302.383,1445214302.483,163.696,53.285,37.594,0.011,35.808,36.156
1445214302.483,1445214302.583,162.860,53.291,36.489,0.014,35.951,36.182
1445214302.583,1445214302.683,162.629,53.171,36.377,-0.024,35.887,36.114
1445214302.683,1445214302.783,162.458,53.237,36.427,-0.005,36.008,35.990
1445214302.783,1445214302.883,163.606,53.230,37.565,-0.007,35.964,36.347
1445214302.883,1445214302.983,168.730,53.190,42.409,-0.034,35.979,36.312
1445214302.983,1445214303.083,180.708,53.125,54.768,0.021,36.061,36.148
1445214303.083,1445214303.183,172.883,53.190,46.927,0.029,35.787,36.249
1445214303.183,1445214303.283,164.113,53.429,37.562,-0.005,35.838,36.439
1445214303.283,1445214303.383,162.967,53.237,36.545,-0.002,35.640,36.601
1445214303.383,1445214303.483,162.670,53.204,36.615,-0.014,35.784,36.296
1445214303.483,1445214303.583,163.858,53.252,38.050,0.034,35.746,36.186
1445214303.583,1445214303.683,167.698,53.269,41.230,-0.003,36.141,36.426
1445214303.683,1445214303.783,160.595,53.278,34.203,-0.016,36.424,36.132
1445214303.783,1445214303.883,163.434,53.240,37.259,0.022,35.847,36.217
1445214303.883,1445214303.983,162.176,53.269,36.268,-0.003,35.734,36.165
1445214303.983,1445214304.083,162.538,53.426,36.478,-0.006,35.868,36.390
1445214304.083,1445214304.183,162.581,53.199,36.394,0.008,35.864,36.331
1445214304.183,1445214304.283,163.201,53.299,37.382,-0.038,35.910,35.996
1445214304.283,1445214304.383,162.436,53.090,36.739,0.035,35.703,36.299
1445214304.383,1445214304.483,164.373,53.236,38.201,-0.003,35.822,36.379
1445214304.483,1445214304.583,167.642,53.400,41.515,0.016,35.702,36.320
1445214304.583,1445214304.683,160.065,53.348,34.069,0.042,35.839,36.108
1445214304.683,1445214304.783,165.059,53.364,39.235,-0.018,35.755,36.092
1445214304.783,1445214304.883,169.462,53.466,43.240,-0.032,35.812,36.290
1445214304.883,1445214304.983,166.657,53.256,40.431,0.008,36.052,36.220
1445214304.983,1445214305.083,168.100,53.367,41.754,0.005,35.941,36.191
1445214305.083,1445214305.183,167.891,53.225,41.743,-0.014,35.935,36.241
1445214305.183,1445214305.283,169.069,53.171,42.679,0.025,35.880,36.825
1445214305.283,1445214305.383,176.451,53.184,49.876,0.018,35.726,37.174
1445214305.383,1445214305.483,169.025,53.692,42.867,0.006,35.807,35.557
1445214305.483,1445214305.583,171.816,55.145,43.701,-0.016,35.658,36.546
1445214305.583,1445214305.683,168.599,53.172,42.434,0.035,35.749,36.368
1445214305.683,1445214305.783,171.288,53.164,45.165,-0.012,35.830,36.399
1445214305.783,1445214305.883,159.880,53.229,34.047,0.024,35.675,36.267
1445214305.883,1445214305.983,162.549,53.505,36.465,-0.004,35.817,36.050
1445214305.983,1445214306.083,165.873,53.540,39.160,0.024,36.164,36.307
1445214306.083,1445214306.183,169.268,53.322,42.932,-0.001,35.930,36.321
1445214306.183,1445214306.283,166.623,53.283,40.655,0.018,35.823,36.101
1445214306.283,1445214306.383,167.508,53.372,41.600,-0.027,35.663,36.141
1445214306.383,1445214306.483,165.359,53.166,39.478,-0.028,35.943,36.104
1445214306.483,1445214306.583,160.261,53.249,34.657,-0.005,35.622,36.193
1445214306.583,1445214306.683,163.260,53.080,37.361,-0.017,35.808,36.379
1445214306.683,1445214306.783,163.058,53.201,37.117,0.011,35.843,36.408
1445214306.783,1445214306.883,162.868,53.166,37.205,0.000,35.727,36.137
1445214306.883,1445214306.983,162.960,53.159,37.247,0.005,35.816,36.135
1445214306.983,1445214307.083,170.288,53.210,44.391,-0.012,35.905,36.205
1445214307.083,1445214307.183,165.074,53.155,39.115,-0.014,35.890,36.159
1445214307.183,1445214307.283,162.760,53.198,36.490,0.031,36.158,36.158
1445214307.283,1445214307.383,170.213,53.219,44.078,0.002,35.867,36.347
1445214307.383,1445214307.483,164.862,53.389,38.461,-0.011,35.949,36.278
1445214307.483,1445214307.583,162.882,53.304,37.005,-0.007,35.587,36.000
1445214307.583,1445214307.683,170.014,53.315,43.752,-0.016,35.979,36.314
1445214307.683,1445214307.783,168.142,53.588,41.603,0.023,36.296,36.053
1445214307.783,1445214307.883,172.298,53.354,45.712,-0.031,35.888,36.796
1445214307.883,1445214307.983,172.514,53.087,46.462,0.004,35.895,36.446
1445214307.983,1445214308.083,167.111,53.318,41.185,-0.001,35.922,36.056
1445214308.082,1445214308.182,163.354,53.106,37.599,-0.002,35.750,36.232
1445214308.182,1445214308.282,164.177,53.118,37.824,-0.008,36.073,36.234
1445214308.282,1445214308.382,168.588,53.029,42.954,0.001,35.644,36.302
1445214308.383,1445214308.483,160.335,53.167,34.268,-0.008,36.257,36.057
1445214308.482,1445214308.582,164.271,53.111,38.536,-0.002,35.747,36.194
1445214308.582,1445214308.682,169.117,53.278,43.223,-0.026,35.748,36.100
1445214308.682,1445214308.782,166.979,53.293,40.500,-0.023,36.064,36.460
1445214308.782,1445214308.882,168.052,53.257,42.193,0.017,35.665,36.194
1445214308.882,1445214308.982,167.647,53.253,41.754,-0.000,35.754,36.247
1445214308.982,1445214309.082,169.550,53.307,42.476,0.041,35.935,37.146
1445214309.082,1445214309.182,168.556,53.288,42.337,0.004,35.694,36.690
1445214309.182,1445214309.282,164.870,53.121,39.218,-0.007,36.055,35.810
1445214309.282,1445214309.382,161.443,53.121,35.128,0.014,36.036,36.504
1445214309.382,1445214309.482,163.265,53.286,37.377,0.014,35.772,36.094
1445214309.482,1445214309.582,165.415,53.097,39.395,-0.006,35.966,36.306
1445214309.582,1445214309.682,169.267,53.431,43.000,0.028,35.882,36.214
1445214309.682,1445214309.782,167.072,53.342,41.153,0.032,35.619,36.133
1445214309.782,1445214309.882,167.459,53.482,41.143,0.003,35.880,36.279
1445214309.882,1445214309.982,164.864,53.341,38.728,0.013,35.741,36.154
1445214309.982,1445214310.082,160.967,53.297,34.825,0.041,35.973,36.188
1445214310.082,1445214310.182,165.220,53.299,39.133,-0.007,35.654,36.550
1445214310.182,1445214310.282,169.473,53.404,43.158,-0.033,36.058,36.299
1445214310.282,1445214310.382,167.530,53.026,41.938,0.034,35.592,36.212
1445214310.382,1445214310.482,166.376,53.226,40.158,0.026,35.889,36.164
1445214310.482,1445214310.582,163.957,53.299,38.059,-0.011,35.732,36.221
1445214310.582,1445214310.682,167.086,53.298,40.750,0.013,35.899,36.278
1445214310.682,1445214310.782,167.319,53.201,40.968,-0.001,35.973,36.382
1445214310.782,1445214310.882,170.225,53.409,43.983,-0.004,35.621,36.377
1445214310.882,1445214310.982,166.771,53.328,40.756,-0.001,35.802,36.064
1445214310.982,1445214311.082,166.203,53.166,39.760,0.009,35.837,36.551
1445214311.082,1445214311.182,166.211,53.123,39.234,-0.020,35.736,37.530
1445214311.182,1445214311.282,168.682,53.133,43.012,0.023,35.916,35.851
1445214311.282,1445214311.382,170.314,53.194,43.883,0.010,35.888,36.593
1445214311.382,1445214311.482,165.239,53.205,39.290,-0.014,35.797,36.192
1445214311.482,1445214311.582,166.227,53.403,40.154,-0.006,35.736,36.153
1445214311.582,1445214311.682,168.928,53.286,42.860,-0.019,35.982,36.115
1445214311.682,1445214311.782,165.513,53.175,38.842,-0.016,36.389,36.267
1445214311.782,1445214311.882,164.746,53.255,38.136,0.023,36.005,36.557
1445214311.882,1445214311.982,166.128,53.204,39.825,-0.015,36.055,36.432
1445214311.982,1445214312.082,168.960,53.188,42.495,0.029,36.209,36.369
1445214312.082,1445214312.182,168.657,53.125,43.031,0.041,35.839,36.097
1445214312.182,1445214312.282,167.021,53.107,41.112,-0.011,35.864,36.173
1445214312.282,1445214312.382,165.864,53.453,39.521,0.013,35.810,36.354
1445214312.382,1445214312.482,167.653,53.207,41.377,-0.013,35.888,36.276
1445214312.482,1445214312.582,166.608,53.282,40.879,0.036,35.728,36.038
1445214312.582,1445214312.682,165.468,53.252,39.291,0.005,36.004,36.093
1445214312.682,1445214312.782,167.594,53.364,41.619,-0.025,35.712,36.291
1445214312.782,1445214312.882,169.037,53.352,42.941,-0.005,35.861,36.239
1445214312.882,1445214312.982,172.076,53.332,45.770,-0.018,36.129,36.260
1445214312.982,1445214313.082,170.278,53.155,44.154,0.023,36.107,36.089
1445214313.082,1445214313.182,167.305,53.231,41.421,-0.017,35.648,36.318
1445214313.182,1445214313.282,167.294,53.258,41.503,-0.006,35.849,36.137
1445214313.282,1445214313.382,167.073,53.159,40.902,0.032,36.025,36.247
1445214313.382,1445214313.482,167.800,53.154,41.959,0.006,35.852,36.019
1445214313.482,1445214313.582,169.579,53.142,43.469,0.008,35.641,36.488
1445214313.582,1445214313.682,170.913,53.337,44.840,-0.011,35.835,36.259
1445214313.682,1445214313.782,169.073,53.354,43.019,-0.005,35.731,36.217
1445214313.782,1445214313.882,168.079,53.327,41.600,-0.025,35.984,36.478
1445214313.882,1445214313.982,166.607,53.201,40.962,-0.010,35.588,35.995
1445214313.982,1445214314.082,169.241,53.209,42.367,0.014,36.117,36.733
1445214314.082,1445214314.182,169.212,53.229,43.342,-0.032,35.945,35.877
1445214314.182,1445214314.282,168.929,53.203,43.194,-0.012,35.804,36.099
1445214314.282,1445214314.382,168.581,53.082,42.523,0.027,35.831,36.292
1445214314.382,1445214314.482,167.311,53.105,41.551,-0.049,35.856,36.294
1445214314.482,1445214314.582,166.227,53.273,40.563,-0.010,35.702,36.019
1445214314.582,1445214314.682,167.580,53.435,41.213,-0.032,35.855,36.279
1445214314.682,1445214314.782,169.992,53.203,43.898,-0.036,35.695,36.461
1445214314.782,1445214314.882,168.770,53.196,42.925,-0.004,35.774,36.243
1445214314.882,1445214314.982,169.649,53.381,43.719,0.019,35.726,36.154
1445214314.982,1445214315.082,170.098,53.291,43.631,0.040,35.876,36.619
1445214315.082,1445214315.182,167.480,53.280,41.946,-0.011,35.771,35.830
1445214315.182,1445214315.282,167.687,53.250,41.553,-0.010,35.918,36.303
1445214315.282,1445214315.382,168.617,53.170,42.124,-0.019,36.041,36.514
1445214315.382,1445214315.482,168.383,53.341,42.204,-0.002,35.953,36.152
1445214315.482,1445214315.582,168.629,53.167,42.870,-0.006,35.679,36.163
1445214315.582,1445214315.682,170.469,53.274,44.325,0.006,35.958,36.030
1445214315.682,1445214315.782,171.032,53.257,44.453,0.034,36.240,36.326
1445214315.782,1445214315.882,170.038,53.299,43.812,0.020,35.588,36.602
1445214315.882,1445214315.982,167.939,53.185,41.872,-0.006,35.725,36.383
1445214315.982,1445214316.082,167.108,53.273,41.106,0.022,35.843,36.123
1445214316.082,1445214316.182,167.742,53.290,41.986,-0.062,35.695,36.088
1445214316.182,1445214316.282,169.362,53.197,43.747,0.026,35.776,35.983
1445214316.282,1445214316.382,171.196,53.184,44.782,-0.019,35.963,36.343
1445214316.382,1445214316.482,169.088,53.152,42.780,0.038,36.130,36.161
1445214316.482,1445214316.582,170.057,53.302,44.008,-0.027,36.004,36.068
1445214316.582,1445214316.682,170.527,53.122,44.432,0.023,35.820,36.162
1445214316.682,1445214316.782,168.720,53.390,42.675,-0.018,35.684,36.107
1445214316.782,1445214316.882,171.052,53.319,45.202,0.003,35.770,36.178
1445214316.882,1445214316.982,170.135,53.297,44.131,-0.013,35.731,36.275
1445214316.982,1445214317.082,170.260,53.263,44.106,0.046,35.884,36.431
1445214317.082,1445214317.182,169.217,53.112,43.351,0.004,35.708,36.149
1445214317.182,1445214317.282,168.803,53.075,43.221,0.014,35.815,36.012
1445214317.283,1445214317.383,171.657,53.235,45.708,0.011,35.832,36.230
1445214317.383,1445214317.483,171.770,53.178,46.020,0.039,35.861,36.145
1445214317.482,1445214317.582,172.245,53.149,46.329,0.004,35.965,36.137
1445214317.583,1445214317.683,168.579,53.254,42.265,0.004,36.005,36.011
1445214317.683,1445214317.783,164.473,53.439,38.453,-0.023,35.644,36.182
1445214317.783,1445214317.883,167.365,53.364,40.999,0.027,35.952,36.211
1445214317.883,1445214317.983,171.321,53.237,44.950,0.006,36.071,36.347
1445214317.983,1445214318.083,174.813,53.221,48.320,0.023,36.177,36.271
1445214318.083,1445214318.183,171.326,53.164,45.284,0.005,35.926,36.248
1445214318.183,1445214318.283,167.386,53.186,41.122,-0.017,36.049,36.268
1445214318.283,1445214318.383,166.055,53.239,40.036,0.000,35.953,36.144
1445214318.383,1445214318.483,170.161,53.102,44.454,-0.007,35.894,36.130
1445214318.483,1445214318.583,170.827,53.441,44.653,0.007,35.683,36.512
1445214318.583,1445214318.683,171.364,53.231,45.497,0.041,35.917,35.912
1445214318.683,1445214318.783,169.119,53.153,42.957,-0.027,36.055,36.175
1445214318.783,1445214318.883,169.580,53.304,43.123,-0.011,35.813,36.514
1445214318.883,1445214318.983,169.962,53.054,44.151,-0.001,35.823,35.951
1445214318.983,1445214319.083,172.387,53.260,46.216,-0.011,35.872,36.343
1445214319.083,1445214319.183,172.350,53.319,46.371,0.003,35.743,36.226
1445214319.183,1445214319.283,169.540,53.216,43.551,-0.016,35.845,36.136
1445214319.283,1445214319.383,169.744,53.244,42.859,0.013,36.006,36.951
1445214319.383,1445214319.483,167.300,53.173,41.513,-0.021,35.773,36.081
1445214319.483,1445214319.583,170.608,53.229,44.767,-0.016,35.746,36.056
1445214319.583,1445214319.683,170.848,53.221,44.586,0.024,36.047,36.207
1445214319.683,1445214319.783,169.996,53.358,43.736,-0.006,36.305,36.069
1445214319.783,1445214319.883,172.558,53.517,46.308,0.005,35.833,36.328
1445214319.883,1445214319.983,169.118,53.475,42.800,0.000,35.920,36.299
1445214319.983,1445214320.083,173.937,53.361,47.562,-0.064,35.753,36.509
1445214320.083,1445214320.183,170.493,53.212,44.781,-0.025,35.686,35.943
1445214320.183,1445214320.283,170.163,53.052,44.351,-0.008,35.818,36.290
1445214320.283,1445214320.383,168.983,53.200,43.208,-0.025,35.761,36.188
1445214320.383,1445214320.483,172.412,53.248,46.051,0.039,35.893,36.450
1445214320.483,1445214320.583,172.364,53.205,46.589,-0.004,35.711,36.109
1445214320.583,1445214320.683,170.842,53.337,44.995,-0.015,35.719,36.130
1445214320.683,1445214320.783,169.169,53.198,43.336,-0.002,35.916,36.109
1445214320.783,1445214320.883,168.431,53.305,42.308,-0.013,35.658,36.621
1445214320.883,1445214320.983,170.463,53.286,44.390,0.016,35.973,36.280
1445214320.983,1445214321.083,172.421,53.305,46.351,0.016,36.291,35.967
1445214321.083,1445214321.183,171.836,53.182,45.749,0.019,35.790,36.317
1445214321.183,1445214321.283,174.065,53.091,47.867,0.024,36.220,36.211
1445214321.283,1445214321.383,169.536,53.144,43.575,0.003,35.856,36.157
1445214321.383,1445214321.483,173.182,53.171,47.343,0.015,35.856,36.195
1445214321.483,1445214321.583,172.419,53.212,46.279,0.006,35.666,36.519
1445214321.583,1445214321.683,170.368,53.199,44.444,-0.027,35.913,36.206
1445214321.683,1445214321.783,169.840,53.223,43.953,0.034,35.841,36.065
1445214321.783,1445214321.883,170.103,53.372,43.896,-0.012,35.741,36.401
1445214321.883,1445214321.983,170.380,53.234,44.475,-0.018,35.777,36.174
1445214321.983,1445214322.083,173.529,53.423,46.180,-0.017,36.022,36.944
1445214322.083,1445214322.183,172.104,53.170,45.549,-0.020,35.998,36.744
1445214322.183,1445214322.283,169.846,53.092,44.675,-0.021,35.761,35.676
1445214322.283,1445214322.383,170.561,53.432,44.177,-0.018,35.779,36.360
1445214322.383,1445214322.483,170.968,53.138,45.182,0.018,35.907,36.010
1445214322.483,1445214322.583,172.600,53.219,46.774,-0.018,35.630,36.236
1445214322.583,1445214322.683,169.583,53.110,43.630,-0.028,35.815,36.268
1445214322.683,1445214322.783,167.664,53.262,41.355,-0.025,36.111,36.326
1445214322.783,1445214322.883,166.872,53.393,40.859,0.016,35.559,36.271
1445214322.883,1445214322.983,169.197,53.291,42.971,0.003,36.123,36.305
1445214322.983,1445214323.083,174.744,53.086,48.941,0.004,35.996,36.039
1445214323.083,1445214323.183,173.355,53.079,47.847,0.003,35.594,36.106
1445214323.183,1445214323.283,172.676,53.404,46.359,-0.023,36.085,36.059
1445214323.283,1445214323.383,169.193,53.211,43.003,0.021,35.776,36.426
1445214323.383,1445214323.483,166.156,53.306,39.966,-0.046,35.875,36.284
1445214323.483,1445214323.583,168.481,53.121,42.526,0.013,35.780,35.970
1445214323.583,1445214323.683,173.461,53.355,47.444,0.016,35.871,36.228
1445214323.683,1445214323.783,174.503,53.384,48.219,0.028,36.191,36.071
1445214323.783,1445214323.883,171.784,53.460,45.495,-0.018,35.707,36.404
1445214323.883,1445214323.983,168.856,53.237,42.426,-0.015,35.864,36.643
1445214323.983,1445214324.083,168.786,53.197,42.606,0.012,35.986,36.217
1445214324.083,1445214324.183,170.660,53.325,44.848,-0.008,35.603,36.101
1445214324.183,1445214324.283,171.480,53.259,45.829,0.001,35.777,36.134
1445214324.283,1445214324.383,170.554,53.214,44.629,0.013,35.832,36.108
1445214324.382,1445214324.482,172.526,53.191,46.329,-0.021,36.090,36.218
1445214324.483,1445214324.583,171.762,53.183,45.850,0.029,35.741,36.337
1445214324.583,1445214324.683,169.702,53.354,43.549,-0.013,35.713,36.110
1445214324.683,1445214324.783,171.296,53.349,45.015,0.030,35.870,36.262
1445214324.782,1445214324.882,172.463,53.165,46.741,-0.017,35.717,36.253
1445214324.883,1445214324.983,170.627,53.497,44.487,-0.030,35.677,36.294
1445214324.983,1445214325.083,172.064,53.246,45.717,-0.028,35.853,36.481
1445214325.082,1445214325.182,171.234,53.151,45.310,-0.009,35.732,36.083
1445214325.182,1445214325.282,169.686,53.238,43.882,0.004,35.776,36.075
1445214325.282,1445214325.382,169.680,53.146,43.998,0.031,35.664,36.133
1445214325.382,1445214325.482,168.844,53.188,42.883,0.005,35.944,36.108
1445214325.483,1445214325.583,175.968,53.251,49.705,0.028,36.022,36.315
1445214325.582,1445214325.682,172.934,53.314,46.936,-0.041,35.892,36.146
1445214325.682,1445214325.782,173.941,53.556,47.619,0.021,35.757,36.076
1445214325.782,1445214325.882,171.933,53.641,45.111,-0.001,35.895,36.522
1445214325.883,1445214325.983,167.911,53.353,41.857,-0.020,35.644,36.319
1445214325.983,1445214326.083,171.467,53.486,45.106,0.015,35.936,36.200
1445214326.082,1445214326.182,173.055,53.196,47.074,-0.007,35.651,36.343
1445214326.182,1445214326.282,172.091,53.222,46.394,-0.033,35.807,36.050
1445214326.282,1445214326.382,172.470,53.224,46.530,-0.020,35.674,36.331
1445214326.382,1445214326.482,169.417,53.584,43.387,-0.012,35.983,35.942
1445214326.483,1445214326.583,171.702,53.411,45.572,0.005,35.771,36.283
1445214326.582,1445214326.682,172.667,53.192,46.698,-0.043,35.882,36.108
1445214326.682,1445214326.782,171.576,53.330,45.352,-0.001,35.969,36.110
1445214326.782,1445214326.882,174.735,53.205,48.639,-0.005,35.648,36.316
1445214326.882,1445214326.982,170.258,53.252,44.300,0.024,35.794,36.246
1445214326.983,1445214327.083,172.689,53.285,46.844,-0.007,35.812,36.030
1445214327.082,1445214327.182,173.980,53.242,48.193,0.011,35.725,36.216
1445214327.182,1445214327.282,174.287,53.151,48.313,-0.004,35.739,36.397
1445214327.282,1445214327.382,174.495,53.279,48.122,-0.004,35.759,36.474
1445214327.382,1445214327.482,171.012,53.308,44.931,0.004,35.910,36.134
1445214327.482,1445214327.582,171.406,53.425,45.490,-0.028,35.648,36.133
1445214327.582,1445214327.682,170.477,53.126,44.723,-0.013,35.757,36.130
1445214327.682,1445214327.782,172.275,53.208,46.118,-0.011,36.001,36.175
1445214327.782,1445214327.882,173.735,53.367,47.450,-0.004,36.036,36.263
1445214327.882,1445214327.982,173.345,53.217,47.058,-0.005,36.029,36.481
1445214327.982,1445214328.082,175.022,53.274,48.993,-0.014,35.968,36.322
1445214328.082,1445214328.182,170.441,53.383,44.576,0.019,35.777,36.066
1445214328.182,1445214328.282,174.087,53.137,48.261,0.016,35.744,36.184
1445214328.282,1445214328.382,171.997,53.044,46.102,-0.011,35.722,36.438
1445214328.382,1445214328.482,173.194,53.154,47.382,0.038,35.819,36.210
1445214328.482,1445214328.582,174.730,53.158,48.750,-0.020,35.921,36.304
1445214328.582,1445214328.682,173.447,53.470,47.559,0.010,35.740,36.150
1445214328.682,1445214328.782,173.147,53.898,46.502,0.004,36.039,36.085
1445214328.782,1445214328.882,176.814,54.924,45.643,-0.008,38.915,36.542
1445214328.882,1445214328.982,172.468,56.213,45.130,-0.018,34.560,36.138
1445214328.982,1445214329.082,175.194,53.497,48.071,0.002,36.485,36.539
1445214329.082,1445214329.182,175.010,52.802,49.702,0.004,35.701,36.200
1445214329.182,1445214329.282,167.799,52.870,42.620,0.003,35.745,36.012
1445214329.282,1445214329.382,173.163,53.542,46.110,0.012,36.017,36.447
1445214329.382,1445214329.482,174.662,54.016,48.234,-0.006,35.731,36.041
1445214329.482,1445214329.582,173.190,54.265,45.769,-0.003,35.817,36.586
1445214329.582,1445214329.682,176.894,54.195,50.185,-0.018,35.728,35.995
1445214329.682,1445214329.782,181.015,53.987,54.474,-0.023,35.755,35.984
1445214329.782,1445214329.882,176.877,54.973,49.121,0.007,35.736,36.289
1445214329.882,1445214329.982,164.744,53.463,38.474,-0.002,35.836,36.285
1445214329.982,1445214330.082,169.387,54.536,41.789,0.010,36.026,36.186
1445214330.082,1445214330.182,174.628,52.918,49.041,0.057,35.945,36.062
1445214330.182,1445214330.282,177.095,54.040,50.530,0.008,35.783,36.092
1445214330.282,1445214330.382,179.496,54.056,52.881,0.013,35.706,36.128
1445214330.382,1445214330.482,174.096,53.405,47.818,-0.008,35.884,36.189
1445214330.482,1445214330.582,174.780,53.195,48.935,0.020,35.826,36.116
1445214330.582,1445214330.682,171.925,53.141,46.012,-0.021,35.705,36.529
1445214330.682,1445214330.782,173.655,53.193,47.744,0.034,35.742,36.136
1445214330.782,1445214330.882,175.712,53.365,49.949,0.008,35.716,36.092
1445214330.882,1445214330.982,174.619,52.978,48.431,0.024,35.878,36.622
1445214330.982,1445214331.082,173.235,53.358,47.020,0.010,35.733,36.544
1445214331.082,1445214331.182,171.181,53.148,45.611,-0.002,35.787,35.850
1445214331.182,1445214331.282,173.642,53.203,47.687,-0.012,35.998,36.174
1445214331.282,1445214331.382,177.760,53.455,51.283,-0.015,35.881,36.423
1445214331.382,1445214331.482,175.222,53.373,49.275,-0.016,35.709,36.311
1445214331.482,1445214331.582,175.624,53.439,49.503,0.008,35.910,36.164
1445214331.582,1445214331.682,175.426,53.483,49.339,0.031,35.726,36.164
1445214331.682,1445214331.782,176.136,53.317,49.886,0.005,35.976,36.282
1445214331.782,1445214331.882,176.011,53.380,49.930,-0.005,35.704,36.413
1445214331.882,1445214331.982,173.619,53.265,47.554,0.028,35.792,36.004
1445214331.982,1445214332.082,174.527,53.232,48.591,-0.028,35.725,36.309
1445214332.082,1445214332.182,171.916,53.163,45.821,-0.023,35.880,36.099
1445214332.182,1445214332.282,170.201,53.057,44.700,0.048,35.705,36.110
1445214332.282,1445214332.382,175.627,53.407,49.489,-0.024,35.833,36.175
1445214332.382,1445214332.482,176.612,53.272,50.442,0.013,36.077,36.085
1445214332.482,1445214332.582,175.248,53.285,49.302,-0.037,35.777,36.080
1445214332.582,1445214332.682,173.049,53.231,47.291,-0.013,35.693,36.238
1445214332.682,1445214332.782,171.589,53.204,45.758,-0.010,35.887,35.991
1445214332.782,1445214332.882,174.694,53.157,48.417,-0.058,35.878,36.546
1445214332.882,1445214332.982,174.926,53.401,48.500,0.002,35.755,36.423
1445214332.982,1445214333.082,176.356,53.403,49.819,0.005,36.106,36.212
1445214333.082,1445214333.182,175.771,53.119,49.879,-0.001,35.661,36.354
1445214333.182,1445214333.282,173.184,53.111,47.579,-0.019,35.699,36.036
1445214333.282,1445214333.382,171.234,53.362,44.566,-0.013,35.741,36.713
1445214333.382,1445214333.482,173.754,53.207,48.105,0.002,35.865,35.924
1445214333.482,1445214333.582,174.102,53.251,47.916,-0.016,36.040,36.183
1445214333.582,1445214333.682,176.454,53.331,50.235,0.052,35.901,36.276
1445214333.682,1445214333.782,176.496,53.449,50.459,0.024,35.738,36.117
1445214333.782,1445214333.882,174.610,53.349,48.366,-0.028,35.923,36.272
1445214333.882,1445214333.982,174.834,53.289,48.957,-0.002,35.651,36.196
1445214333.982,1445214334.082,174.568,53.294,48.131,-0.013,36.180,36.435
1445214334.082,1445214334.182,173.363,53.384,47.037,-0.004,35.797,36.559
1445214334.182,1445214334.282,172.316,53.327,45.880,0.037,36.145,36.125
1445214334.282,1445214334.382,173.071,53.350,46.792,-0.006,36.049,36.147
1445214334.382,1445214334.482,176.194,53.211,50.270,0.022,35.804,36.168
1445214334.482,1445214334.582,176.014,53.190,49.957,0.004,35.723,36.356
1445214334.582,1445214334.682,175.873,53.342,49.726,0.012,36.093,35.963
1445214334.682,1445214334.782,175.535,53.269,49.243,0.034,35.980,36.325
1445214334.782,1445214334.882,172.912,53.397,46.909,0.010,35.701,36.286
1445214334.882,1445214334.982,173.539,53.428,47.613,0.022,35.827,36.043
1445214334.982,1445214335.082,172.988,52.987,47.025,0.027,35.790,36.441
1445214335.082,1445214335.182,173.617,53.322,47.600,0.011,35.767,36.260
1445214335.182,1445214335.282,173.107,53.403,46.829,0.038,35.782,36.368
1445214335.282,1445214335.382,175.833,53.364,48.987,0.044,35.773,36.931
1445214335.382,1445214335.482,176.991,53.245,50.014,-0.000,35.845,37.194
1445214335.482,1445214335.582,175.622,53.448,49.996,-0.001,35.706,35.742
1445214335.583,1445214335.683,177.000,53.428,50.626,-0.034,35.945,36.229
1445214335.683,1445214335.783,173.482,53.255,47.521,0.009,35.980,36.150
1445214335.783,1445214335.883,175.434,53.218,49.184,-0.010,36.029,36.255
1445214335.883,1445214335.983,175.352,53.166,48.890,-0.037,35.703,36.531
1445214335.983,1445214336.083,174.709,53.345,48.694,0.028,35.834,36.325
1445214336.083,1445214336.183,174.411,53.569,48.147,-0.013,35.786,36.017
1445214336.183,1445214336.283,170.469,53.106,44.790,-0.017,35.831,36.156
1445214336.283,1445214336.383,174.196,53.097,48.180,0.011,35.844,36.428
1445214336.383,1445214336.483,175.441,53.391,48.049,0.003,36.985,36.390
1445214336.483,1445214336.583,178.041,53.201,52.440,-0.032,35.670,36.026
1445214336.583,1445214336.683,176.274,53.116,50.496,-0.019,35.820,36.191
1445214336.683,1445214336.783,173.778,53.150,48.112,0.001,35.737,36.129
1445214336.783,1445214336.883,173.909,53.219,48.208,-0.027,35.709,36.164
1445214336.883,1445214336.983,173.146,53.221,46.850,-0.004,36.119,36.229
1445214336.983,1445214337.083,175.174,53.182,49.200,0.014,35.733,36.236
1445214337.083,1445214337.183,172.833,53.127,46.550,0.005,35.817,36.298
1445214337.183,1445214337.283,174.454,53.178,48.827,0.043,35.756,36.130
1445214337.283,1445214337.383,174.394,53.270,48.609,0.013,35.776,36.011
1445214337.383,1445214337.483,173.398,53.394,47.380,-0.035,35.853,36.365
1445214337.483,1445214337.583,177.396,53.561,50.792,0.019,35.683,36.544
1445214337.583,1445214337.683,174.695,53.278,48.924,-0.006,35.874,35.946
1445214337.683,1445214337.783,174.848,53.171,49.031,0.054,35.589,36.177
1445214337.783,1445214337.883,174.606,53.309,48.540,0.005,35.823,36.147
1445214337.883,1445214337.983,172.969,53.203,47.076,-0.003,35.713,36.210
1445214337.983,1445214338.083,173.967,53.450,47.357,0.002,36.126,36.418
1445214338.083,1445214338.183,171.860,53.212,45.928,-0.007,36.051,36.206
1445214338.183,1445214338.283,176.192,53.108,50.356,-0.012,35.952,36.124
1445214338.283,1445214338.383,174.727,53.194,48.776,-0.019,35.789,36.191
1445214338.383,1445214338.483,174.879,53.181,49.331,-0.011,35.763,35.875
1445214338.483,1445214338.583,173.892,53.356,47.869,0.003,35.705,36.368
1445214338.583,1445214338.683,174.505,53.485,48.051,-0.035,35.845,36.397
1445214338.683,1445214338.783,174.698,53.380,48.733,0.016,35.801,36.038
1445214338.783,1445214338.883,176.285,53.504,50.208,-0.016,35.689,36.225
1445214338.883,1445214338.983,172.251,53.238,46.575,0.008,35.798,36.167
1445214338.983,1445214339.083,175.045,53.162,48.782,-0.024,35.728,36.748
1445214339.083,1445214339.183,174.378,53.020,48.830,0.005,35.790,36.056
1445214339.183,1445214339.283,174.828,53.061,48.671,0.005,35.914,36.545
1445214339.283,1445214339.383,174.155,53.225,47.228,-0.022,36.105,36.704
1445214339.383,1445214339.483,174.595,53.105,48.382,-0.025,35.947,36.210
1445214339.483,1445214339.583,173.939,53.308,48.435,-0.030,35.514,36.056
1445214339.583,1445214339.683,174.813,53.278,48.565,0.029,36.106,36.269
1445214339.683,1445214339.783,175.016,53.320,48.656,-0.023,35.794,36.424
1445214339.783,1445214339.883,175.342,53.487,49.084,-0.024,35.709,36.514
1445214339.883,1445214339.983,174.649,53.233,48.834,0.002,35.763,35.974
1445214339.983,1445214340.083,173.659,53.263,47.682,0.032,35.738,36.376
1445214340.083,1445214340.183,171.875,53.188,45.919,-0.028,35.744,36.192
1445214340.183,1445214340.283,174.725,53.185,48.956,0.018,35.744,36.085
