18:45:03.139886611,60000,33.99,1,7.99,
18:45:03.150076707,60000,33.99,1,7.99,
18:45:04.160935353,60000,32.74,142,6.74,
18:45:05.162180926,60000,30.26,421,4.26,
18:45:06.161301241,60000,28.44,625,2.44,
18:45:07.160813028,60000,26.97,791,0.97,
18:45:08.159951405,60000,26.00,916,0.00,
18:45:09.147979290,59999,25.73,916,0.00,
18:45:09.228972627,59999,25.73,1021,0.00,
18:45:10.146059325,59997,25.20,1021,0.00,
18:45:10.287363869,59997,25.20,1081,0.00,
18:45:11.146058169,59996,24.93,1081,0.00,
18:45:11.398014681,59996,24.93,1203,0.00,
18:45:12.147060206,59995,24.67,1203,0.00,
18:45:12.398936969,59995,24.67,1265,0.00,
18:45:13.144246912,59994,24.40,1265,0.00,
18:45:13.446689399,59994,24.40,1303,0.00,
18:45:14.142087353,59994,24.40,1303,0.00,
18:45:14.444305310,59994,24.40,1402,0.00,
18:45:15.142710860,59994,24.40,1402,0.00,
18:45:15.525373512,59994,24.40,1502,0.00,
18:45:16.140198144,59993,24.13,1502,0.00,
18:45:16.524953331,59993,24.13,1561,0.00,
18:45:17.149456787,59992,23.87,1561,0.00,
18:45:17.703411728,59992,23.87,1647,0.00,
18:45:18.146884360,59990,23.33,1647,0.00,
18:45:18.741114732,59990,23.33,1732,0.00,
18:45:19.144215379,59990,23.33,1732,0.00,
18:45:19.759569997,59990,23.33,1814,0.00,
18:45:20.142604347,59989,23.07,1814,0.00,
18:45:21.  9470364,59989,23.07,1903,0.00,
18:45:21.140497394,59989,23.07,1903,0.00,
18:45:22.148406312,59990,23.33,1903,0.00,
18:45:22.219044152,59990,23.33,1969,0.00,
18:45:23.146591235,59990,23.33,1969,0.00,
18:45:23.328107790,59990,23.33,2043,0.00,
18:45:24.144379163,59990,23.33,2043,0.00,
18:45:24.325863925,59990,20.24,2117,-3.09,
18:45:25.142035972,59991,20.35,2117,-3.25,
18:45:25.515405847,59991,20.13,2201,-3.47,
18:45:26.150274093,59992,20.23,2201,-3.63,
18:45:26.925891592,59992,20.06,2261,-3.80,
18:45:27.147579055,59992,20.06,2261,-3.80,
18:45:28.148880034,59992,20.06,2261,-3.80,
18:45:28.361277024,59992,20.04,2270,-3.83,
18:45:29.146904015,59993,20.13,2270,-4.00,
18:45:30.144590104,59993,20.13,2270,-4.00,
18:45:30.195168349,59993,20.12,2274,-4.01,
18:45:31.142081277,59992,20.03,2274,-3.84,
18:45:31.263363203,59992,20.05,2267,-3.82,
18:45:32.149786631,59992,20.05,2267,-3.82,
18:45:32.425039166,59992,20.04,2269,-3.82,
18:45:33.150017728,59991,19.95,2269,-3.65,
18:45:33.693531597,59991,19.95,2267,-3.65,
18:45:34.147543778,59991,19.95,2267,-3.65,
18:45:35. 54307441,59991,19.99,2254,-3.61,
18:45:35.145116054,59991,19.99,2254,-3.61,
18:45:36.151839810,59991,19.99,2254,-3.61,
18:45:36.433777593,59991,20.00,2249,-3.60,
18:45:37.149332277,59992,20.10,2249,-3.77,
18:45:37.905853716,59992,20.12,2242,-3.75,
18:45:38.147748612,59993,20.21,2242,-3.92,
18:45:39.144794363,59993,20.21,2242,-3.92,
18:45:39.357388586,59993,20.24,2232,-3.89,
18:45:40.143595589,59993,20.24,2232,-3.89,
18:45:40.818880532,59993,20.27,2223,-3.86,
18:45:41.151735627,59994,20.37,2223,-4.03,
18:45:42.148155683,59993,20.27,2223,-3.86,
18:45:42.238856159,59993,20.30,2212,-3.83,
18:45:43.145836868,59993,20.30,2212,-3.83,
18:45:43.508852970,59993,20.31,2210,-3.83,
18:45:44.145383473,59994,20.41,2210,-3.99,
18:45:44.659040364,59994,20.41,2208,-3.99,
18:45:45.153006206,59992,20.21,2208,-3.65,
18:45:45.666874908,59992,20.20,2213,-3.67,
18:45:46.150627237,59992,20.20,2213,-3.67,
18:45:47.117839446,59992,20.17,2224,-3.70,
18:45:47.148130369,59993,20.27,2224,-3.87,
18:45:48.115664617,59993,20.13,2271,-4.00,
18:45:48.145941639,59994,20.22,2271,-4.18,
18:45:49.154825219,59994,20.22,2271,-4.18,
18:45:49.195171521,59994,20.03,2334,-4.37,
18:45:50.145950668,59994,20.03,2334,-4.37,
18:45:50.519689920,59994,19.80,2410,-4.60,
18:45:51.155014332,59995,19.87,2410,-4.79,
18:45:51.719246378,59995,19.73,2454,-4.93,
18:45:52.152328283,59995,19.73,2454,-4.93,
18:45:53.150123094,59994,19.66,2454,-4.74,
18:45:53.301136134,59994,19.57,2484,-4.83,
18:45:54.146529630,59993,19.51,2484,-4.63,
18:45:54.297647305,59993,19.39,2524,-4.74,
18:45:55.154352975,59993,19.39,2524,-4.74,
18:45:56.152355577,59992,19.33,2524,-4.54,
18:45:56.243717831,59992,19.39,2503,-4.48,
18:45:57.150574721,59991,19.33,2503,-4.27,
18:45:57.352103868,59991,19.32,2506,-4.28,
18:45:58.148248576,59990,19.25,2506,-4.08,
18:45:58.521473494,59990,19.24,2511,-4.09,
18:45:59.146518259,59989,19.18,2511,-3.89,
18:45:59.791441130,59989,19.17,2514,-3.89,
18:46:00.154159838,59988,19.11,2514,-3.69,
18:46:01.101466328,59988,19.11,2515,-3.69,
18:46:01.151954806,59987,19.05,2515,-3.49,
18:46:02.149838085,59987,19.05,2515,-3.49,
18:46:02.482528355,59987,19.06,2511,-3.48,
18:46:03.147607069,59987,19.06,2511,-3.48,
18:46:03.973555296,59987,19.07,2503,-3.46,
18:46:04.154888155,59987,19.07,2503,-3.46,
18:46:05.152451580,59987,19.07,2503,-3.46,
18:46:05.505297443,59987,19.10,2492,-3.44,
18:46:06.150712914,59987,19.10,2492,-3.44,
18:46:07. 77016999,59987,19.12,2483,-3.42,
18:46:07.147587112,59988,19.18,2483,-3.62,
18:46:08.155421547,59988,19.18,2483,-3.62,
18:46:08.709905828,59988,19.21,2470,-3.59,
18:46:09.152861080,59988,19.21,2470,-3.59,
18:46:10.150818797,59990,19.35,2470,-3.99,
18:46:10.392870652,59990,19.38,2455,-3.95,
18:46:11.148485763,59991,19.45,2455,-4.15,
18:46:12.126709587,59991,19.49,2440,-4.11,
18:46:12.157009724,59993,19.64,2440,-4.50,
18:46:13.154886711,59993,19.64,2440,-4.50,
18:46:13.919907515,59993,19.69,2423,-4.45,
18:46:14.151664497,59994,19.76,2423,-4.64,
18:46:15.149721977,59996,19.91,2423,-5.03,
18:46:15.754878594,59996,19.97,2402,-4.96,
18:46:16.157822854,59996,19.97,2402,-4.96,
18:46:17.156912630,59996,19.97,2402,-4.96,
18:46:17.539588047,59996,20.03,2385,-4.90,
18:46:18.154712885,59996,20.03,2385,-4.90,
18:46:19.152817848,59996,20.03,2385,-4.90,
18:46:19.314300769,59996,20.09,2366,-4.84,
18:46:20.151476383,59996,20.09,2366,-4.84,
18:46:21. 88282890,59996,20.19,2337,-4.74,
18:46:21.158829810,59995,20.10,2337,-4.56,
18:46:22.158015013,59995,20.10,2337,-4.56,
18:46:22.964886688,59995,20.16,2320,-4.51,
18:46:23.156303080,59995,20.16,2320,-4.51,
18:46:24.155494493,59995,20.16,2320,-4.51,
18:46:24.861047188,59995,20.24,2294,-4.43,
18:46:25.153290433,59995,20.24,2294,-4.43,
18:46:26.150859096,59994,20.15,2294,-4.25,
18:46:26.765719223,59994,20.21,2276,-4.19,
18:46:27.158739819,59994,20.21,2276,-4.19,
18:46:28.157093335,59995,20.30,2276,-4.37,
18:46:28.509758958,59995,20.36,2256,-4.30,
18:46:29.154847671,59995,20.36,2256,-4.30,
18:46:30. 52137050,59995,20.39,2248,-4.28,
18:46:30.152980242,59994,20.29,2248,-4.11,
18:46:31.151071612,59995,20.39,2248,-4.28,
18:46:31.463578275,59995,20.41,2241,-4.26,
18:46:32.158730932,59995,20.41,2241,-4.26,
18:46:32.641779046,59995,20.40,2243,-4.26,
18:46:33.155284747,59995,20.40,2243,-4.26,
18:46:33.639208329,59995,20.27,2284,-4.39,
18:46:34.152568146,59996,20.36,2284,-4.57,
18:46:34.879199977,59996,20.32,2296,-4.61,
18:46:35.151283508,59996,20.32,2296,-4.61,
18:46:35.876994540,59996,20.09,2368,-4.85,
18:46:36.159291761,59996,20.09,2368,-4.85,
18:46:37. 56148281,59996,19.96,2407,-4.98,
18:46:37.156934664,59996,19.96,2407,-4.98,
18:46:38. 94675134,59996,19.83,2446,-5.10,
18:46:38.155185512,59996,19.83,2446,-5.10,
18:46:39.151809985,59996,19.83,2446,-5.10,
18:46:39.403900761,59996,19.77,2463,-5.16,
18:46:40.159866751,59996,19.77,2463,-5.16,
18:46:41. 36734810,59996,19.71,2483,-5.23,
18:46:41.159658893,59997,19.77,2483,-5.43,
18:46:42. 36122927,59997,19.71,2500,-5.49,
18:46:42.157069836,59997,19.71,2500,-5.49,
18:46:43. 43324540,59997,19.70,2504,-5.50,
18:46:43.154218839,59997,19.70,2504,-5.50,
18:46:44. 82428731,59997,19.76,2486,-5.44,
18:46:44.153025476,59997,19.76,2486,-5.44,
18:46:45.161006828,59998,19.83,2486,-5.64,
18:46:45.201392114,59998,19.84,2482,-5.62,
18:46:46.157990318,59999,19.91,2482,-5.83,
18:46:46.409831542,59999,19.93,2477,-5.81,
18:46:47.154499639,60001,20.06,2477,-6.21,
18:46:47.618154172,60001,20.07,2473,-6.19,
18:46:48.152533522,60001,20.07,2473,-6.19,
18:46:48.887293370,60001,20.13,2459,-6.14,
18:46:49.159428664,60001,20.13,2459,-6.14,
18:46:50.107045877,60001,20.14,2456,-6.13,
18:46:50.157500055,60001,20.14,2456,-6.13,
18:46:51.155220891,60001,20.14,2456,-6.13,
18:46:51.276742965,60001,20.16,2452,-6.11,
18:46:52.154910516,60000,20.09,2452,-5.91,
18:46:52.407464718,60000,20.10,2449,-5.90,
18:46:53.162244169,59999,20.03,2449,-5.70,
18:46:53.414107917,59999,20.00,2457,-5.73,
18:46:54.160030440,59999,20.00,2457,-5.73,
18:46:55. 92483105,59999,19.97,2464,-5.76,
18:46:55.163151731,59999,19.97,2464,-5.76,
18:46:56.162004880,59998,19.91,2464,-5.56,
18:46:56.574825442,59998,19.83,2486,-5.64,
18:46:57.159693323,59998,19.83,2486,-5.64,
18:46:58.157524725,59997,19.76,2486,-5.44,
18:46:58.329366256,59997,19.71,2500,-5.49,
18:46:59.158398791,59998,19.78,2500,-5.69,
18:46:59.340111060,59998,19.79,2496,-5.67,
18:47:00.157890435,59999,19.86,2496,-5.88,
18:47:00.450092115,59999,19.85,2498,-5.88,
18:47:01.156169229,59998,19.78,2498,-5.68,
18:47:01.650473907,59998,19.79,2497,-5.68,
18:47:02.154812056,59998,19.79,2497,-5.68,
18:47:02.961128899,59998,19.81,2492,-5.66,
18:47:03.163033694,59999,19.87,2492,-5.86,
18:47:04.159555326,59999,19.87,2492,-5.86,
18:47:04.320980519,59999,19.89,2487,-5.84,
18:47:05.157503888,59999,19.89,2487,-5.84,
18:47:05.751274472,59999,19.91,2481,-5.82,
18:47:06.154516274,59999,19.91,2481,-5.82,
18:47:07.162532543,60000,19.98,2481,-6.02,
18:47:07.263812426,60000,20.02,2469,-5.98,
18:47:08.161043428,60000,20.02,2469,-5.98,
18:47:08.776155540,60000,20.08,2454,-5.92,
18:47:09.159257927,60000,20.08,2454,-5.92,
18:47:10.157148508,60001,20.15,2454,-6.12,
18:47:10.248314031,60001,20.20,2442,-6.07,
18:47:11.155333866,60001,20.20,2442,-6.07,
18:47:11.728852133,60001,20.25,2428,-6.01,
18:47:12.162080864,60002,20.32,2428,-6.21,
18:47:13.159938367,60002,20.32,2428,-6.21,
18:47:13.210373685,60002,20.36,2419,-6.17,
18:47:14.158218950,60002,20.36,2419,-6.17,
18:47:14.612726524,60002,20.41,2407,-6.12,
18:47:15.156835008,60002,20.41,2407,-6.12,
18:47:15.832145949,60002,20.41,2406,-6.12,
18:47:16.164399834,60003,20.49,2406,-6.31,
18:47:16.890199675,60003,20.48,2408,-6.32,
18:47:17.162352933,60003,20.48,2408,-6.32,
18:47:18.159413456,60003,20.48,2408,-6.32,
18:47:18.573106701,60003,20.46,2414,-6.34,
18:47:19.157484370,60003,20.46,2414,-6.34,
18:47:19.802874016,60003,20.32,2446,-6.48,
18:47:20.165854737,60003,20.32,2446,-6.48,
18:47:20.800256546,60003,20.15,2486,-6.65,
18:47:21.162794607,60002,20.09,2486,-6.44,
18:47:21.828306344,60002,19.92,2527,-6.61,
18:47:22.160890190,60001,19.86,2527,-6.40,
18:47:23. 78214122,60001,19.75,2555,-6.51,
18:47:23.158888365,60000,19.70,2555,-6.30,
18:47:24.165307207,60000,19.70,2555,-6.30,
18:47:24.669386946,60000,19.62,2574,-6.38,
18:47:25.163092485,60000,19.62,2574,-6.38,
18:47:25.677134711,60000,19.52,2600,-6.48,
18:47:26.161060087,60000,19.52,2600,-6.48,
18:47:26.676043486,60000,19.48,2611,-6.52,
18:47:27.160103369,60000,19.48,2611,-6.52,
18:47:27.673285330,60000,19.57,2589,-6.43,
18:47:28.166757253,59999,19.51,2589,-6.22,
18:47:28.831672872,59999,19.52,2586,-6.21,
18:47:29.164111936,59999,19.52,2586,-6.21,
18:47:30. 40355372,59999,19.53,2585,-6.21,
18:47:30.161184897,59999,19.53,2585,-6.21,
18:47:31.158824635,59998,19.48,2585,-5.99,
18:47:31.299981747,59998,19.49,2582,-5.98,
18:47:32.166389275,59998,19.49,2582,-5.98,
18:47:32.609615785,59998,19.51,2575,-5.96,
18:47:33.164220689,59999,19.57,2575,-6.17,
18:47:34. 21305388,59999,19.60,2566,-6.14,
18:47:34.162432991,60000,19.65,2566,-6.35,
18:47:35.160748077,60000,19.65,2566,-6.35,
18:47:35.523693927,60000,19.69,2556,-6.31,
18:47:36.158105594,60000,19.69,2556,-6.31,
18:47:37.105240251,60000,19.76,2537,-6.24,
18:47:37.165734602,60000,19.76,2537,-6.24,
18:47:38.163193757,60001,19.82,2537,-6.44,
18:47:38.767527945,60001,19.89,2521,-6.38,
18:47:39.160746886,60001,19.89,2521,-6.38,
18:47:40.167357645,60000,19.82,2521,-6.18,
18:47:40.520505049,60000,19.91,2499,-6.09,
18:47:41.165815066,59999,19.84,2499,-5.89,
18:47:42.162181573,60000,19.91,2499,-6.09,
18:47:42.313421099,60000,19.99,2477,-6.01,
18:47:43.159806392,60000,19.99,2477,-6.01,
18:47:44.167454989,59999,19.93,2477,-5.81,
18:47:44.197765243,59999,20.00,2457,-5.73,
18:47:45.165022858,59999,20.00,2457,-5.73,
18:47:46.163152494,59999,20.00,2457,-5.73,
18:47:47.160977935,60000,20.07,2457,-5.93,
18:47:48.148953387,60000,20.26,2407,-5.74,
18:47:48.169353816,60000,20.26,2407,-5.74,
18:47:49.167028431,59998,20.11,2407,-5.36,
18:47:50.164898670,59998,20.21,2378,-5.26,
18:47:51.162425511,59998,20.21,2378,-5.26,
18:47:52.160102038,59998,20.30,2352,-5.16,
18:47:52.170296578,59997,20.22,2352,-4.98,
18:47:53.166826607,59996,20.14,2352,-4.79,
18:47:53.892614644,59996,20.20,2335,-4.74,
18:47:54.164922687,59996,20.20,2335,-4.74,
18:47:55.162891963,59996,20.20,2335,-4.74,
18:47:55.374668625,59996,20.26,2316,-4.68,
18:47:56.160765264,59997,20.35,2316,-4.85,
18:47:56.564325528,59997,20.35,2316,-4.85,
18:47:57.169318297,59995,20.17,2316,-4.50,
18:47:57.572886679,59995,20.12,2333,-4.55,
18:47:58.167367647,59994,20.03,2333,-4.37,
18:47:58.691049833,59994,19.98,2349,-4.42,
18:47:59.167763573,59994,19.98,2349,-4.42,
18:47:59.873330612,59994,19.76,2424,-4.64,
18:48:00.165711549,59994,19.76,2424,-4.64,
18:48:01.163351435,59993,19.68,2424,-4.45,
18:48:01.213871397,59993,19.48,2493,-4.65,
18:48:02.171534658,59993,19.48,2493,-4.65,
18:48:02.505317262,59993,19.38,2527,-4.75,
18:48:03.170377502,59994,19.44,2527,-4.96,
18:48:04.168159565,59994,19.44,2527,-4.96,
18:48:04.188379529,59994,19.38,2547,-5.02,
18:48:05.165545769,59993,19.32,2547,-4.81,
18:48:05.185821799,59993,19.28,2562,-4.85,
18:48:06.163379532,59993,19.28,2562,-4.85,
18:48:06.254142826,59993,19.30,2556,-4.84,
18:48:07.170605803,59993,19.30,2556,-4.84,
18:48:07.392071342,59993,19.29,2557,-4.84,
18:48:08.167349897,59993,19.29,2557,-4.84,
18:48:08.620190764,59993,19.31,2551,-4.82,
18:48:09.163643000,59992,19.25,2551,-4.61,
18:48:09.889331266,59992,19.27,2546,-4.60,
18:48:10.171703254,59991,19.21,2546,-4.39,
18:48:11.168605986,59991,19.21,2546,-4.39,
18:48:11.219212912,59991,19.23,2540,-4.37,
18:48:12.166871222,59991,19.23,2540,-4.37,
18:48:12.629946488,59991,19.25,2532,-4.35,
18:48:13.163926979,59991,19.25,2532,-4.35,
18:48:14. 81670889,59991,19.26,2528,-4.34,
18:48:14.172392022,59990,19.20,2528,-4.13,
18:48:15.169486768,59990,19.20,2528,-4.13,
18:48:15.552751901,59990,19.23,2517,-4.11,
18:48:16.167409420,59990,19.23,2517,-4.11,
18:48:17.103170148,59990,19.26,2505,-4.08,
18:48:17.163710788,59990,19.26,2505,-4.08,
18:48:18.171212032,59991,19.32,2505,-4.28,
18:48:18.705534459,59991,19.36,2489,-4.24,
18:48:19.168613256,59991,19.36,2489,-4.24,
18:48:20.165650450,59990,19.30,2489,-4.04,
18:48:20.296526582,59990,19.33,2476,-4.00,
18:48:21.173155732,59991,19.40,2476,-4.20,
18:48:21.918715421,59991,19.43,2462,-4.17,
18:48:22.170508222,59993,19.57,2462,-4.56,
18:48:23.168706993,59992,19.50,2462,-4.36,
18:48:23.612260084,59992,19.56,2442,-4.31,
18:48:24.168944279,59992,19.56,2442,-4.31,
18:48:25.166895158,59992,19.56,2442,-4.31,
18:48:25.388858817,59992,19.61,2423,-4.25,
18:48:26.164875714,59993,19.69,2423,-4.45,
18:48:27.162716931,59993,19.76,2397,-4.37,
18:48:27.172879672,59995,19.91,2397,-4.75,
18:48:28.170803060,59995,19.91,2397,-4.75,
18:48:28.816034639,59995,19.96,2382,-4.70,
18:48:29.168759673,59995,19.96,2382,-4.70,
18:48:30.167000805,59996,20.04,2382,-4.89,
18:48:30.358470677,59996,20.08,2369,-4.85,
18:48:31.166632048,59998,20.24,2369,-5.22,
18:48:31.773966592,59998,20.27,2361,-5.19,
18:48:32.167109028,59999,20.35,2361,-5.38,
18:48:33. 84109667,59999,20.40,2349,-5.34,
18:48:33.174859524,60000,20.48,2349,-5.52,
18:48:34.172638596,60001,20.56,2349,-5.70,
18:48:34.484648543,60001,20.61,2337,-5.66,
18:48:35.170540938,60000,20.53,2337,-5.47,
18:48:35.976810321,60000,20.56,2327,-5.44,
18:48:36.168387863,60000,20.56,2327,-5.44,
18:48:37.175699774,60001,20.65,2327,-5.62,
18:48:37.529272393,60001,20.69,2316,-5.57,
18:48:38.166440483,60001,20.69,2316,-5.57,
18:48:39. 35828153,60001,20.75,2302,-5.52,
18:48:39.167048355,60001,20.75,2302,-5.52,
18:48:40.174970027,60001,20.75,2302,-5.52,
18:48:40.467345287,60001,20.79,2291,-5.48,
18:48:41.173072735,60002,20.88,2291,-5.65,
18:48:41.696911649,60002,20.91,2283,-5.62,
18:48:42.170317744,60003,21.00,2283,-5.80,
18:48:42.694039274,60003,20.94,2298,-5.86,
18:48:43.170706884,60004,21.03,2298,-6.04,
18:48:43.795080675,60004,20.95,2317,-6.12,
18:48:44.168152244,60003,20.86,2317,-5.94,
18:48:44.895459380,60003,20.43,2419,-6.37,
18:48:45.167465171,60003,20.43,2419,-6.37,
18:48:45.902850265,60003,20.07,2507,-6.73,
18:48:46.174590496,60004,20.13,2507,-6.94,
18:48:47.172424761,60005,20.19,2507,-7.14,
18:48:47.384115433,60005,20.07,2534,-7.26,
18:48:48.169876565,60005,20.07,2534,-7.26,
18:48:48.865367045,60005,19.97,2556,-7.36,
18:48:49.167594730,60005,19.97,2556,-7.36,
18:48:50.175608947,60005,19.97,2556,-7.36,
18:48:50.608748513,60005,19.89,2574,-7.44,
18:48:51.172920087,60005,19.89,2574,-7.44,
18:48:51.606451231,60005,19.86,2581,-7.47,
18:48:52.170865814,60005,19.86,2581,-7.47,
18:48:52.604603988,60005,19.87,2579,-7.46,
18:48:53.168990957,60005,19.87,2579,-7.46,
18:48:53.612126907,60005,19.87,2579,-7.46,
18:48:54.176875766,60006,19.92,2579,-7.68,
18:48:54.609720991,60006,19.90,2585,-7.70,
18:48:55.174488976,60005,19.84,2585,-7.49,
18:48:55.607975779,60005,19.76,2605,-7.58,
18:48:56.171667847,60005,19.76,2605,-7.58,
18:48:56.614798628,60005,19.74,2609,-7.60,
18:48:57.169157743,60005,19.74,2609,-7.60,
18:48:57.612533873,60005,19.78,2599,-7.55,
18:48:58.176806587,60005,19.78,2599,-7.55,
18:48:58.621350357,60005,19.80,2595,-7.53,
18:48:59.175533673,60004,19.75,2595,-7.32,
18:48:59.619158138,60004,19.77,2589,-7.29,
18:49:00.173736139,60004,19.77,2589,-7.29,
18:49:00.617156560,60004,19.78,2587,-7.28,
18:49:01.172382698,60004,19.78,2587,-7.28,
18:49:01.716646858,60004,19.83,2575,-7.23,
18:49:02.170404035,60004,19.83,2575,-7.23,
18:49:02.918126755,60004,19.84,2574,-7.23,
18:49:03.170410568,60004,19.84,2574,-7.23,
18:49:04.177867929,60004,19.84,2574,-7.23,
18:49:04.208183170,60004,19.89,2563,-7.18,
18:49:05.178500589,60004,19.89,2563,-7.18,
18:49:05.571851777,60004,19.93,2553,-7.14,
18:49:06.176435563,60004,19.93,2553,-7.14,
18:49:06.992993152,60004,19.96,2546,-7.11,
18:49:07.174321020,60004,19.96,2546,-7.11,
18:49:08.172812459,60004,19.96,2546,-7.11,
18:49:08.476125768,60004,20.05,2526,-7.02,
18:49:09.171480675,60004,20.05,2526,-7.02,
18:49:09.928882186,60004,20.09,2516,-6.98,
18:49:10.170520415,60004,20.09,2516,-6.98,
18:49:11.178107518,60005,20.15,2516,-7.18,
18:49:11.349497935,60005,20.17,2511,-7.16,
18:49:12.175650686,60005,20.17,2511,-7.16,
18:49:12.699821061,60005,20.17,2511,-7.16,
18:49:13.173544861,60004,20.11,2511,-6.96,
18:49:13.998558294,60004,20.09,2516,-6.98,
18:49:14.179898273,60003,20.03,2516,-6.77,
18:49:15.178019922,60003,20.03,2516,-6.77,
18:49:15.218819658,60003,20.03,2515,-6.77,
18:49:16.176802549,60002,19.97,2515,-6.56,
18:49:16.418874672,60002,19.98,2512,-6.55,
18:49:17.174624841,60002,19.98,2512,-6.55,
18:49:17.598037237,60002,19.97,2515,-6.56,
18:49:18.173290317,60003,20.03,2515,-6.77,
18:49:18.787096944,60003,20.07,2505,-6.73,
18:49:19.180192331,60004,20.14,2505,-6.93,
18:49:19.896252074,60004,20.10,2514,-6.97,
18:49:20.178170049,60003,20.04,2514,-6.76,
18:49:20.895282452,60003,19.96,2533,-6.84,
18:49:21.177634631,60002,19.90,2533,-6.64,
18:49:22.174634999,60003,19.96,2533,-6.84,
18:49:22.466999287,60003,19.88,2551,-6.92,
18:49:23.172242684,60003,19.88,2551,-6.92,
18:49:23.797326997,60003,19.81,2567,-6.99,
18:49:24.180419539,60002,19.76,2567,-6.77,
18:49:24.996550969,60002,19.64,2597,-6.90,
18:49:25.177974869,60000,19.54,2597,-6.46,
18:49:26.175895361,60000,19.54,2597,-6.46,
18:49:26.246662061,60000,19.44,2623,-6.56,
18:49:27.173281069,60000,19.44,2623,-6.56,
18:49:27.687184987,60000,19.34,2649,-6.66,
18:49:28.180804899,59999,19.29,2649,-6.44,
18:49:29.177979530,59999,19.29,2649,-6.44,
18:49:29.491391117,59999,19.27,2654,-6.46,
18:49:30.176710434,59998,19.23,2654,-6.24,
18:49:30.539299150,59998,19.26,2645,-6.20,
18:49:31.174218467,59997,19.22,2645,-5.98,
18:49:31.668097560,59997,19.21,2646,-5.99,
18:49:32.173089848,59997,19.21,2646,-5.99,
18:49:32.868640819,59997,19.22,2643,-5.98,
18:49:33.180824304,59996,19.18,2643,-5.75,
18:49:34.178620604,59996,19.20,2637,-5.73,
18:49:35.174682769,59995,19.15,2637,-5.51,
18:49:35.527605932,59995,19.17,2630,-5.49,
18:49:36.182821784,59995,19.17,2630,-5.49,
18:49:36.957584816,59995,19.19,2624,-5.47,
18:49:37.179247311,59994,19.15,2624,-5.25,
18:49:38.177085921,59994,19.15,2624,-5.25,
18:49:38.469549699,59994,19.18,2612,-5.22,
18:49:39.174898883,59993,19.13,2612,-5.00,
18:49:40. 40248667,59993,19.15,2605,-4.98,
18:49:40.181371416,59993,19.15,2605,-4.98,
18:49:41.178219888,59993,19.15,2605,-4.98,
18:49:41.662106772,59993,19.20,2589,-4.93,
18:49:42.176456527,59993,19.20,2589,-4.93,
18:49:43.174414126,59992,19.15,2589,-4.72,
18:49:43.326085521,59992,19.19,2574,-4.68,
18:49:44.183866865,59991,19.14,2574,-4.46,
18:49:45. 70215923,59991,19.20,2550,-4.40,
18:49:45.181081532,59991,19.20,2550,-4.40,
18:49:46.178847515,59991,19.20,2550,-4.40,
18:49:46.843445570,59991,19.23,2537,-4.37,
18:49:47.175976803,59991,19.23,2537,-4.37,
18:49:48.183870313,59991,19.23,2537,-4.37,
18:49:48.708068961,59991,19.30,2511,-4.30,
18:49:49.182282270,59990,19.24,2511,-4.09,
18:49:50.179670118,59989,19.18,2511,-3.89,
18:49:50.643476317,59989,19.25,2481,-3.81,
18:49:51.177634605,59989,19.25,2481,-3.81,
18:49:52.184973066,59988,19.19,2481,-3.61,
18:49:52.658213395,59988,19.26,2449,-3.54,
18:49:53.181571909,59987,19.19,2449,-3.34,
18:49:54.179073578,59987,19.19,2449,-3.34,
18:49:54.773763851,59987,19.26,2418,-3.28,
18:49:55.176507910,59986,19.18,2418,-3.08,
18:49:56.184026775,59985,19.11,2418,-2.89,
18:49:56.990809528,59985,19.17,2384,-2.83,
18:49:57.182244728,59984,19.10,2384,-2.64,
18:49:58.179380336,59983,19.02,2384,-2.45,
18:49:59.177701260,59984,19.10,2384,-2.64,
18:49:59.288672548,59984,19.16,2346,-2.57,
18:50:00.185338383,59983,19.08,2346,-2.39,
18:50:01.181478119,59982,19.00,2346,-2.20,
18:50:01.695567634,59982,19.05,2308,-2.15,
18:50:02.178989795,59981,18.97,2308,-1.97,
18:50:03.186646749,59981,18.97,2308,-1.97,
18:50:04.154246569,59981,19.02,2268,-1.91,
18:50:04.184497974,59980,18.93,2268,-1.74,
18:50:05.182397570,59979,18.84,2268,-1.56,
18:50:06.179762742,59978,18.74,2268,-1.39,
18:50:06.683876427,59978,18.79,2219,-1.34,
18:50:07.177732561,59977,18.69,2219,-1.17,
18:50:08.185684178,59977,18.69,2219,-1.17,
18:50:09.182172973,59976,18.60,2219,-1.00,
18:50:09.232664787,59976,18.63,2177,-0.97,
18:50:10.179544115,59975,18.52,2177,-0.81,
18:50:11.187493984,59974,18.42,2177,-0.65,
18:50:11.872202410,59974,18.44,2130,-0.62,
18:50:12.184464678,59974,18.44,2130,-0.62,
18:50:13.181097632,59974,18.44,2130,-0.62,
18:50:14.178885770,59973,18.33,2130,-0.47,
18:50:14.612380111,59973,18.80,2081,0.00,
18:50:15.186743000,59973,18.80,2081,0.00,
18:50:16.183176832,59973,18.80,2081,0.00,
18:50:17.181059025,59973,18.80,2081,0.00,
18:50:17.443433985,59973,18.80,2031,0.00,
18:50:18.179031964,59974,19.07,2031,0.00,
18:50:19.186467083,59974,19.07,2031,0.00,
18:50:20.182831624,59973,18.80,2031,0.00,
18:50:20.374479181,59973,18.80,1979,0.00,
18:50:21.180446468,59972,18.53,1979,0.00,
18:50:22.187803892,59973,18.80,1979,0.00,
18:50:23.185643611,59972,18.53,1979,0.00,
18:50:23.367077151,59972,18.53,1922,0.00,
18:50:24.183203347,59972,18.53,1922,0.00,
18:50:25.180947145,59973,18.80,1922,0.00,
18:50:26.187837648,59973,18.80,1922,0.00,
18:50:26.460183366,59973,18.80,1867,0.00,
18:50:27.185556516,59973,18.80,1867,0.00,
18:50:28.185243043,59974,19.07,1867,0.00,
18:50:29.183035178,59974,19.07,1867,0.00,
18:50:29.646824246,59974,19.07,1806,0.00,
18:50:30.180427200,59975,19.33,1806,0.00,
18:50:31.188046937,59976,19.60,1806,0.00,
18:50:32.185654930,59976,19.60,1806,0.00,
18:50:32.900711453,59976,19.60,1741,0.00,
18:50:33.182603513,59975,19.33,1741,0.00,
18:50:34.190098299,59975,19.33,1741,0.00,
18:50:35.186279449,59975,19.33,1741,0.00,
18:50:36. 93641708,59975,19.33,1677,0.00,
18:50:36.184324798,59975,19.33,1677,0.00,
18:50:37.182112811,59975,19.33,1677,0.00,
18:50:38.189476419,59976,19.60,1677,0.00,
18:50:38.753898909,59976,19.60,1633,0.00,
18:50:39.187358672,59977,19.87,1633,0.00,
18:50:40.184578789,59977,19.87,1633,0.00,
18:50:40.989935584,59977,19.87,1598,0.00,
18:50:41.191460852,59978,20.13,1598,0.00,
18:50:42.189361321,59978,20.13,1598,0.00,
18:50:42.854744155,59978,20.13,1574,0.00,
