13:53:36.755927078,60000,33.99,1,7.99,
13:53:36.786802647,60000,33.99,1,7.99,
13:53:37.807353748,60000,33.14,97,7.14,
13:53:38.811341537,60000,31.36,297,5.36,
13:53:39.812791405,60000,29.39,519,3.39,
13:53:40.865840754,60000,28.04,671,2.04,
13:53:41.865009633,60000,26.95,793,0.95,
13:53:42.757515944,59969,19.67,793,1.93,
13:53:42.898732530,59969,18.00,926,0.00,
13:53:43.759320413,59970,18.00,926,0.00,
13:53:44.213609040,59970,18.00,1017,0.00,
13:53:44.757445150,59971,18.27,1017,0.00,
13:53:45.331698090,59971,18.27,1042,0.00,
13:53:45.755229522,59971,18.27,1042,0.00,
13:53:46.753928550,59971,18.27,1042,0.00,
13:53:46.845045799,59971,18.27,1055,0.00,
13:53:47.762231716,59972,18.53,1055,0.00,
13:53:47.842812045,59972,18.53,1084,0.00,
13:53:48.760632344,59974,19.07,1084,0.00,
13:53:48.851383003,59974,19.07,1085,0.00,
13:53:49.759157637,59975,19.33,1085,0.00,
13:53:49.860018488,59975,19.33,1057,0.00,
13:53:50.756133324,59976,19.60,1057,0.00,
13:53:51. 69082496,59976,19.60,1052,0.00,
13:53:51.754816160,59977,19.87,1052,0.00,
13:53:52.369871120,59977,19.87,1032,0.00,
13:53:52.762310188,59978,20.13,1032,0.00,
13:53:53.721347227,59978,20.13,1023,0.00,
13:53:53.761683021,59979,20.40,1023,0.00,
13:53:54.760074117,59980,20.67,1023,0.00,
13:53:55. 62386147,59980,20.67,1014,0.00,
13:53:55.759593532,59980,20.67,1014,0.00,
13:53:56.455226762,59980,20.67,997,0.00,
13:53:56.757753519,59981,20.93,997,0.00,
13:53:57.755364929,59981,20.93,997,0.00,
13:53:57.946931551,59981,20.93,969,0.00,
13:53:58.763262058,59982,21.20,969,0.00,
13:53:59.247584914,59982,21.20,964,0.00,
13:53:59.762189426,59984,21.73,964,0.00,
13:54:00.246134935,59984,21.73,977,0.00,
13:54:00.760176390,59985,22.00,977,0.00,
13:54:01.479830533,59985,22.00,976,0.00,
13:54:01.755236190,59986,22.27,976,0.00,
13:54:02.667217401,59986,22.27,1025,0.00,
13:54:02.757897374,59987,22.53,1025,0.00,
13:54:03.756189155,59988,22.80,1025,0.00,
13:54:03.987703641,59988,22.80,1061,0.00,
13:54:04.758929420,59989,23.07,1061,0.00,
13:54:05. 81569119,59989,23.07,1066,0.00,
13:54:05.756720621,59990,23.33,1066,0.00,
13:54:06.223552628,59990,23.33,1067,0.00,
13:54:06.757918208,59991,23.60,1067,0.00,
13:54:07.261466299,59991,23.60,1090,0.00,
13:54:07.756393524,59992,23.87,1090,0.00,
13:54:08.370949728,59992,23.87,1149,0.00,
13:54:08.764469795,59992,23.87,1149,0.00,
13:54:09.491006945,59992,23.87,1224,0.00,
13:54:09.764068315,59991,23.60,1224,0.00,
13:54:10.714140745,59991,23.60,1266,0.00,
13:54:10.765017017,59990,23.33,1266,0.00,
13:54:11.761710224,59990,23.33,1266,0.00,
13:54:11.963021161,59990,23.33,1281,0.00,
13:54:12.758862085,59990,23.33,1281,0.00,
13:54:13.504180843,59990,23.33,1284,0.00,
13:54:13.766090845,59989,23.07,1284,0.00,
13:54:14.692951014,59989,23.07,1302,0.00,
13:54:14.766557732,59989,23.07,1302,0.00,
13:54:15.757959968,59989,23.07,1302,0.00,
13:54:15.818462136,59989,23.07,1377,0.00,
13:54:16.759678887,59990,23.33,1377,0.00,
13:54:17.214490444,59990,23.33,1428,0.00,
13:54:17.758257706,59990,23.33,1428,0.00,
13:54:18.566056540,59990,23.33,1454,0.00,
13:54:18.767568959,59988,22.80,1454,0.00,
13:54:19.766883085,59988,22.80,1454,0.00,
13:54:20.260720983,59988,22.80,1456,0.00,
13:54:20.764369607,59989,23.07,1456,0.00,
13:54:21.268080073,59989,23.07,1497,0.00,
13:54:21.761824708,59988,22.80,1497,0.00,
13:54:22.760022241,59987,22.53,1497,0.00,
13:54:22.861092375,59987,22.53,1488,0.00,
13:54:23.758693663,59987,22.53,1488,0.00,
13:54:24.131747937,59987,22.53,1520,0.00,
13:54:24.766935929,59987,22.53,1520,0.00,
13:54:25.281323669,59987,22.53,1547,0.00,
13:54:25.765167186,59986,22.27,1547,0.00,
13:54:26.574283797,59986,22.27,1568,0.00,
13:54:26.765765213,59985,22.00,1568,0.00,
13:54:27.765065435,59984,21.73,1568,0.00,
13:54:28.259199231,59984,21.73,1572,0.00,
13:54:28.765148463,59984,21.73,1572,0.00,
13:54:29.259229380,59984,21.73,1585,0.00,
13:54:29.763309864,59984,21.73,1585,0.00,
13:54:30.287830796,59984,21.73,1569,0.00,
13:54:30.761760443,59983,21.47,1569,0.00,
13:54:31.386560936,59983,21.47,1565,0.00,
13:54:31.759629008,59981,20.93,1565,0.00,
13:54:32.565926047,59981,20.93,1565,0.00,
13:54:32.767477596,59978,20.13,1565,0.00,
13:54:33.764642178,59979,20.40,1565,0.00,
13:54:33.825202675,59979,20.40,1566,0.00,
13:54:34.762235791,59980,20.67,1566,0.00,
13:54:35.184864398,59980,20.67,1553,0.00,
13:54:35.769634629,59979,20.40,1553,0.00,
13:54:36.636505325,59979,20.40,1542,0.00,
13:54:36.767547461,59978,20.13,1542,0.00,
13:54:37.764992839,59978,20.13,1542,0.00,
13:54:38.187913322,59978,20.13,1529,0.00,
13:54:38.762350591,59979,20.40,1529,0.00,
13:54:39.770644566,59981,20.93,1529,0.00,
13:54:39.831240269,59981,20.93,1511,0.00,
13:54:40.768013971,59979,20.40,1511,0.00,
13:54:41.575472235,59979,20.40,1495,0.00,
13:54:41.766739568,59979,20.40,1495,0.00,
13:54:42.764244271,59978,20.13,1495,0.00,
13:54:43.389452903,59978,20.13,1475,0.00,
13:54:43.761984345,59977,19.87,1475,0.00,
13:54:44.769888261,59977,19.87,1475,0.00,
13:54:45.263766171,59977,19.87,1450,0.00,
13:54:45.767661919,59977,19.87,1450,0.00,
13:54:46.766493651,59977,19.87,1450,0.00,
13:54:47.200089257,59977,19.87,1425,0.00,
13:54:47.764374627,59977,19.87,1425,0.00,
13:54:48.763572229,59976,19.60,1425,0.00,
13:54:49.237138154,59976,19.60,1402,0.00,
13:54:49.770689500,59976,19.60,1402,0.00,
13:54:50.768014062,59977,19.87,1402,0.00,
13:54:51.372361979,59977,19.87,1375,0.00,
13:54:51.765446813,59978,20.13,1375,0.00,
13:54:52.772343603,59979,20.40,1375,0.00,
13:54:53.619183725,59979,20.40,1343,0.00,
13:54:53.770353026,59979,20.40,1343,0.00,
13:54:54.767492801,59978,20.13,1343,0.00,
13:54:55.764413747,59979,20.40,1343,0.00,
13:54:55.945949148,59979,20.40,1308,0.00,
13:54:56.771629451,59981,20.93,1308,0.00,
13:54:57.768424581,59982,21.20,1308,0.00,
13:54:58. 50689976,59982,21.20,1280,0.00,
13:54:58.766083637,59981,20.93,1280,0.00,
13:54:59.773278377,59981,20.93,1280,0.00,
13:54:59.904266010,59981,20.93,1258,0.00,
13:55:00.770877733,59981,20.93,1258,0.00,
13:55:01.264622608,59981,20.93,1245,0.00,
13:55:01.768457970,59981,20.93,1245,0.00,
13:55:02.685141011,59981,20.93,1285,0.00,
13:55:02.765744505,59981,20.93,1285,0.00,
13:55:03.773008398,59979,20.40,1285,0.00,
13:55:03.944505085,59979,20.40,1354,0.00,
13:55:04.771303205,59978,20.13,1354,0.00,
13:55:04.943041152,59978,20.13,1420,0.00,
13:55:05.772484297,59978,20.13,1420,0.00,
13:55:06.195663271,59978,20.13,1434,0.00,
13:55:06.770081942,59976,19.60,1434,0.00,
13:55:07.767262388,59975,19.33,1434,0.00,
13:55:07.888227115,59975,19.33,1457,0.00,
13:55:08.774950302,59974,19.07,1457,0.00,
13:55:08.895999621,59974,19.07,1464,0.00,
13:55:09.772507218,59975,19.33,1464,0.00,
13:55:09.994182861,59975,19.33,1473,0.00,
13:55:10.770271507,59975,19.33,1473,0.00,
13:55:11.193911274,59975,19.33,1478,0.00,
13:55:11.768266011,59974,19.07,1478,0.00,
13:55:12.483702933,59974,19.07,1464,0.00,
13:55:12.767354322,59974,19.07,1464,0.00,
13:55:13.775229769,59974,19.07,1464,0.00,
13:55:13.876080242,59974,19.07,1451,0.00,
13:55:14.772065368,59975,19.33,1451,0.00,
13:55:15.375710176,59975,19.33,1436,0.00,
13:55:15.768965502,59975,19.33,1436,0.00,
13:55:16.776511394,59974,19.07,1436,0.00,
13:55:16.927926962,59974,19.07,1426,0.00,
13:55:17.774255876,59973,18.80,1426,0.00,
13:55:18.520904720,59973,18.80,1415,0.00,
13:55:18.772685818,59973,18.80,1415,0.00,
13:55:19.769797817,59973,18.80,1415,0.00,
13:55:20.214673038,59973,18.80,1401,0.00,
13:55:20.769121437,59972,18.53,1401,0.00,
13:55:21.777097228,59972,18.53,1401,0.00,
13:55:21.988737075,59972,18.53,1386,0.00,
13:55:22.775011424,59971,18.27,1386,0.00,
13:55:23.772794070,59971,18.27,1386,0.00,
13:55:23.873697086,59971,18.27,1364,0.00,
13:55:24.770378267,59971,18.27,1364,0.00,
13:55:25.778363438,59972,18.53,1364,0.00,
13:55:25.858965727,59972,18.53,1340,0.00,
13:55:26.775371159,59972,18.53,1340,0.00,
13:55:27.773812608,59972,18.53,1340,0.00,
13:55:27.935190708,59972,18.53,1319,0.00,
13:55:28.770408387,59972,18.53,1319,0.00,
13:55:29.777337096,59971,18.27,1319,0.00,
13:55:30.119534051,59971,18.27,1290,0.00,
13:55:30.773603390,59971,18.27,1290,0.00,
13:55:31.771339964,59972,18.53,1290,0.00,
13:55:32.396460926,59972,18.53,1262,0.00,
13:55:32.779413646,59972,18.53,1262,0.00,
13:55:33.777315462,59970,18.00,1262,0.00,
13:55:34.764953175,59970,18.00,1227,0.00,
13:55:34.775118950,59970,18.00,1227,0.00,
13:55:35.772939515,59971,18.27,1227,0.00,
13:55:36.770927181,59970,18.00,1227,0.00,
13:55:37.245194322,59970,18.00,1188,0.00,
13:55:37.779517406,59969,18.00,1188,0.00,
13:55:38.777449433,59968,18.00,1188,0.00,
13:55:39.775726690,59968,18.00,1188,0.00,
13:55:39.816390695,59968,18.00,1146,0.00,
13:55:40.774766218,59967,18.00,1146,0.00,
13:55:41.772168370,59967,18.00,1146,0.00,
13:55:42.477384707,59967,18.00,1105,0.00,
13:55:42.780845741,59968,18.00,1105,0.00,
13:55:43.778878219,59968,18.00,1105,0.00,
13:55:44.776547794,59967,18.00,1105,0.00,
13:55:45.250393053,59967,18.00,1063,0.00,
13:55:45.774551322,59968,18.00,1063,0.00,
13:55:46.772437465,59969,18.00,1063,0.00,
13:55:47.779689366,59970,18.00,1063,0.00,
13:55:48.112442742,59970,18.00,1012,0.00,
13:55:48.777578549,59969,18.00,1012,0.00,
13:55:49.775455323,59969,18.00,1012,0.00,
13:55:50.773205888,59969,18.00,1012,0.00,
13:55:51. 76817037,59969,18.00,962,0.00,
13:55:51.781439638,59971,18.27,962,0.00,
13:55:52.779405293,59971,18.27,962,0.00,
13:55:53.777398154,59970,18.00,962,0.00,
13:55:54.130129725,59970,18.00,911,0.00,
13:55:54.776137879,59969,18.00,911,0.00,
13:55:55.774214111,59970,18.00,911,0.00,
13:55:56.782086031,59971,18.27,911,0.00,
13:55:57.286080379,59971,19.02,857,0.75,
13:55:57.779932938,59970,18.76,857,0.76,
13:55:58.777256609,59970,18.76,857,0.76,
13:55:59.783711982,59971,19.02,857,0.75,
13:56:00.541271482,59971,20.10,795,1.84,
13:56:00.783128288,59970,19.87,795,1.87,
13:56:01.780436012,59970,19.87,795,1.87,
13:56:02.778423583,59970,19.87,795,1.87,
13:56:03.775277407,59971,20.10,795,1.84,
13:56:03.896397976,59971,21.31,726,3.04,
13:56:04.783823726,59972,21.52,726,2.99,
13:56:05.781189632,59972,21.52,726,2.99,
13:56:06.779074233,59970,21.09,726,3.09,
13:56:07.343273354,59970,22.52,646,4.52,
13:56:07.777725257,59971,22.71,646,4.44,
13:56:08.775830190,59971,22.71,646,4.44,
13:56:09.782780624,59972,22.90,646,4.37,
13:56:10.386515853,59972,23.93,586,5.40,
13:56:10.779573398,59972,23.93,586,5.40,
13:56:11.394119112,59972,23.83,592,5.29,
13:56:11.776775985,59972,23.83,592,5.29,
13:56:12.390788929,59972,18.88,880,0.34,
13:56:12.783637747,59972,18.88,880,0.34,
13:56:13.599237556,59972,18.53,1051,0.00,
13:56:13.780507039,59972,18.53,1051,0.00,
13:56:14.606999749,59972,18.53,1105,0.00,
13:56:14.778487674,59972,18.53,1105,0.00,
13:56:15.776881297,59971,18.27,1105,0.00,
13:56:15.817288469,59971,18.27,1106,0.00,
13:56:16.784376910,59970,18.00,1106,0.00,
13:56:17.519581960,59970,18.00,1125,0.00,
13:56:17.783361117,59971,18.27,1125,0.00,
13:56:18.519413995,59971,18.27,1130,0.00,
13:56:18.781577965,59970,18.00,1130,0.00,
13:56:19.617735471,59970,18.00,1121,0.00,
13:56:19.778943369,59970,18.00,1121,0.00,
13:56:20.787218065,59971,18.27,1121,0.00,
13:56:20.817514641,59971,18.27,1120,0.00,
13:56:21.785180293,59970,18.00,1120,0.00,
13:56:22.117596744,59970,18.00,1116,0.00,
13:56:22.782625010,59970,18.00,1116,0.00,
13:56:23.518394035,59970,18.00,1109,0.00,
13:56:23.780110049,59970,18.00,1109,0.00,
13:56:24.787486251,59969,18.00,1109,0.00,
13:56:25. 19412677,59969,18.00,1096,0.00,
13:56:25.785034688,59969,18.00,1096,0.00,
13:56:26.610650426,59969,18.00,1088,0.00,
13:56:26.781896879,59970,18.00,1088,0.00,
13:56:27.779142487,59969,18.00,1088,0.00,
13:56:28.303433770,59969,18.00,1060,0.00,
13:56:28.786664896,59969,18.00,1060,0.00,
13:56:29.784588723,59969,18.00,1060,0.00,
13:56:30.107043270,59969,18.00,1033,0.00,
13:56:30.781410672,59970,18.00,1033,0.00,
13:56:31.788651840,59969,18.00,1033,0.00,
13:56:31.993971233,59969,18.00,1009,0.00,
13:56:32.780271947,59969,18.00,1009,0.00,
13:56:33.788446494,59969,18.00,1009,0.00,
13:56:33.980026221,59969,18.00,978,0.00,
13:56:34.786163853,59969,18.00,978,0.00,
13:56:35.784041101,59969,18.00,978,0.00,
13:56:36. 76422234,59969,18.00,945,0.00,
13:56:36.781714673,59969,18.00,945,0.00,
13:56:37.789826548,59971,18.27,945,0.00,
13:56:38.263249546,59971,18.27,910,0.00,
13:56:38.787458744,59971,18.27,910,0.00,
13:56:39.785333740,59972,18.53,910,0.00,
13:56:40.541977219,59972,19.03,871,0.50,
13:56:40.784139285,59972,19.03,871,0.50,
13:56:41.781804676,59972,19.03,871,0.50,
13:56:42.789617383,59972,19.03,871,0.50,
13:56:42.930810225,59972,19.70,832,1.17,
13:56:43.786906342,59972,19.70,832,1.17,
13:56:44.784989358,59972,19.70,832,1.17,
13:56:45.410268409,59972,20.32,796,1.79,
13:56:45.783379399,59972,20.32,796,1.79,
13:56:46.782425819,59971,20.08,796,1.82,
13:56:47.790433698,59970,19.85,796,1.85,
13:56:47.992148065,59970,20.63,752,2.63,
13:56:48.788663619,59971,20.85,752,2.59,
13:56:49.786375722,59972,21.08,752,2.54,
13:56:50.583757560,59972,22.04,696,3.51,
13:56:50.785552662,59972,22.04,696,3.51,
13:56:51.783574754,59972,22.04,696,3.51,
13:56:52.791657510,59974,22.45,696,3.38,
13:56:52.882455285,59974,23.08,658,4.02,
13:56:53.790050666,59975,23.28,658,3.94,
13:56:54.565843224,59975,23.60,638,4.27,
13:56:54.787272554,59974,23.41,638,4.35,
13:56:55.592804771,59974,19.46,876,0.40,
13:56:55.784237531,59974,19.46,876,0.40,
13:56:56.591429378,59974,19.07,1080,0.00,
13:56:56.784870207,59974,19.07,1080,0.00,
13:56:57.782414482,59974,19.07,1129,0.00,
13:56:57.792585446,59974,19.07,1129,0.00,
13:56:58.790340423,59975,19.33,1129,0.00,
13:56:58.931530882,59975,19.33,1155,0.00,
13:56:59.787841868,59974,19.07,1155,0.00,
13:57:00.483488395,59974,19.07,1171,0.00,
13:57:00.785427419,59972,18.53,1171,0.00,
13:57:01.490342876,59972,18.53,1196,0.00,
13:57:01.792676101,59973,18.80,1196,0.00,
13:57:02.488247939,59973,18.80,1197,0.00,
13:57:02.790174895,59973,18.80,1197,0.00,
13:57:03.546343192,59973,18.80,1178,0.00,
13:57:03.788375192,59973,18.80,1178,0.00,
13:57:04.755810722,59973,18.80,1175,0.00,
13:57:04.786101252,59975,19.33,1175,0.00,
13:57:05.792767618,59976,19.60,1175,0.00,
13:57:06. 65047675,59976,19.60,1168,0.00,
13:57:06.789544111,59976,19.60,1168,0.00,
13:57:07.465200952,59976,19.60,1162,0.00,
13:57:07.787831607,59977,19.87,1162,0.00,
13:57:08.787640490,59976,19.60,1162,0.00,
13:57:08.898543550,59976,19.60,1152,0.00,
13:57:09.794417680,59976,19.60,1152,0.00,
13:57:10.429363698,59976,19.60,1142,0.00,
13:57:10.792273735,59976,19.60,1142,0.00,
13:57:11.788355848,59975,19.33,1142,0.00,
13:57:12. 60094558,59975,19.33,1127,0.00,
13:57:12.795491242,59974,19.07,1127,0.00,
13:57:13.763225026,59974,19.07,1112,0.00,
13:57:13.793552190,59974,19.07,1112,0.00,
13:57:14.791122360,59975,19.33,1112,0.00,
13:57:15.416069463,59975,19.33,1098,0.00,
13:57:15.789092400,59974,19.07,1098,0.00,
13:57:16.786641608,59974,19.07,1098,0.00,
13:57:17.160159287,59974,19.07,1082,0.00,
13:57:17.795194562,59974,19.07,1082,0.00,
13:57:18.792547262,59973,18.80,1082,0.00,
13:57:18.975048880,59973,18.80,1072,0.00,
13:57:19.790939953,59974,19.07,1072,0.00,
13:57:20.788026979,59975,19.33,1072,0.00,
13:57:20.808366896,59975,19.33,1054,0.00,
13:57:21.795463689,59975,19.33,1054,0.00,
13:57:22.732632682,59975,19.33,1028,0.00,
13:57:22.793145012,59975,19.33,1028,0.00,
13:57:23.791138507,59975,19.33,1028,0.00,
13:57:24.758884431,59975,19.33,1000,0.00,
13:57:24.789203782,59974,19.07,1000,0.00,
13:57:25.797147763,59975,19.33,1000,0.00,
13:57:26.793880016,59975,19.33,1000,0.00,
13:57:26.884485055,59975,19.33,970,0.00,
13:57:27.791716854,59975,19.33,970,0.00,
13:57:28.789509568,59975,19.33,970,0.00,
13:57:29.102261203,59975,19.33,927,0.00,
13:57:29.797931144,59974,19.07,927,0.00,
13:57:30.795125513,59974,19.07,927,0.00,
13:57:31.348660989,59974,19.17,894,0.10,
13:57:31.792866199,59975,19.43,894,0.10,
13:57:32.789325284,59977,19.96,894,0.09,
13:57:33.624879588,59977,20.45,863,0.58,
13:57:33.796217553,59977,20.45,863,0.58,
13:57:34.794500728,59977,20.45,863,0.58,
13:57:35.790592495,59978,20.70,863,0.57,
13:57:35.992133351,59978,21.23,829,1.09,
13:57:36.797839907,59977,20.98,829,1.11,
13:57:37.795670312,59975,20.49,829,1.16,
13:57:38.429978003,59975,21.26,782,1.92,
13:57:38.793329371,59974,21.02,782,1.96,
13:57:39.790527927,59974,21.02,782,1.96,
13:57:40.797636978,59974,21.02,782,1.96,
13:57:40.817890653,59974,21.67,743,2.61,
13:57:41.794759975,59973,21.45,743,2.65,
13:57:42.570991156,59973,21.79,723,2.99,
13:57:42.793953589,59972,21.58,723,3.04,
13:57:43.569874450,59972,21.45,730,2.92,
13:57:43.791341646,59972,21.45,730,2.92,
13:57:44.577126693,59972,18.81,884,0.27,
13:57:44.798888331,59971,18.55,884,0.28,
13:57:45.645292561,59971,18.27,1045,0.00,
13:57:45.796542854,59972,18.53,1045,0.00,
13:57:46.712714261,59972,18.53,1102,0.00,
13:57:46.793267145,59970,18.00,1102,0.00,
13:57:47.791012212,59969,18.00,1102,0.00,
13:57:47.912050343,59969,18.00,1114,0.00,
13:57:48.799802082,59969,18.00,1114,0.00,
13:57:49.504479827,59969,18.00,1131,0.00,
13:57:49.796348465,59969,18.00,1131,0.00,
13:57:50.502091554,59969,18.00,1160,0.00,
13:57:50.794490542,59970,18.00,1160,0.00,
13:57:51.500179333,59970,18.00,1148,0.00,
13:57:51.792154809,59969,18.00,1148,0.00,
13:57:52.628824895,59969,18.00,1143,0.00,
13:57:52.800025477,59969,18.00,1143,0.00,
13:57:53.798435007,59970,18.00,1143,0.00,
13:57:53.869065770,59970,18.00,1140,0.00,
13:57:54.797144640,59970,18.00,1140,0.00,
13:57:55.210481538,59970,18.00,1133,0.00,
13:57:55.795032856,59971,18.27,1133,0.00,
13:57:56.650954157,59971,18.27,1124,0.00,
13:57:56.802021882,59972,18.53,1124,0.00,
13:57:57.799625568,59972,18.53,1124,0.00,
13:57:58.193186188,59972,18.53,1110,0.00,
13:57:58.797884704,59972,18.53,1110,0.00,
13:57:59.795409062,59972,18.53,1110,0.00,
13:57:59.835850524,59972,18.53,1093,0.00,
13:58:00.802613501,59971,18.27,1093,0.00,
13:58:01.569414908,59971,18.27,1071,0.00,
13:58:01.801165606,59972,18.53,1071,0.00,
13:58:02.799125312,59971,18.27,1071,0.00,
13:58:03.403833986,59971,18.27,1054,0.00,
13:58:03.796621273,59971,18.27,1054,0.00,
13:58:04.794512525,59971,18.27,1054,0.00,
13:58:05.338923621,59971,18.27,1032,0.00,
13:58:05.802476535,59970,18.00,1032,0.00,
13:58:06.800185658,59970,18.00,1032,0.00,
13:58:07.374284558,59970,18.00,1002,0.00,
13:58:07.797549732,59969,18.00,1002,0.00,
13:58:08.795304163,59969,18.00,1002,0.00,
13:58:09.509910129,59969,18.00,971,0.00,
13:58:09.802302136,59970,18.00,971,0.00,
13:58:10.800105821,59971,18.27,971,0.00,
13:58:11.737231865,59971,18.27,933,0.00,
13:58:11.797745185,59972,18.53,933,0.00,
13:58:12.795442151,59973,18.80,933,0.00,
13:58:13.802492088,59974,19.07,933,0.00,
13:58:14. 64584927,59974,19.15,895,0.08,
13:58:14.800355708,59975,19.41,895,0.08,
13:58:15.799877232,59976,19.68,895,0.08,
13:58:16.485381166,59976,20.34,854,0.74,
13:58:16.797376290,59976,20.34,854,0.74,
13:58:17.804367540,59975,20.08,854,0.75,
13:58:18.801313944,59975,20.08,854,0.75,
13:58:18.992942634,59975,20.78,811,1.45,
13:58:19.798865576,59975,20.78,811,1.45,
13:58:20.797375184,59974,20.54,811,1.48,
13:58:21.523110619,59974,21.21,771,2.14,
13:58:21.805065121,59973,20.98,771,2.18,
13:58:22.802757658,59973,20.98,771,2.18,
13:58:23.518432034,59973,21.54,738,2.74,
13:58:23.800802183,59972,21.32,738,2.78,
13:58:24.566110081,59972,21.42,732,2.89,
13:58:24.797727068,59972,21.42,732,2.89,
13:58:25.563139560,59972,18.53,968,0.00,
13:58:25.805095679,59972,18.53,968,0.00,
13:58:26.640990630,59972,18.53,1114,0.00,
13:58:26.802042042,59971,18.27,1114,0.00,
13:58:27.802811349,59971,18.27,1114,0.00,
13:58:28.145499629,59971,18.27,1171,0.00,
13:58:28.800530106,59972,18.53,1171,0.00,
13:58:29.636678904,59972,18.53,1212,0.00,
13:58:29.797925297,59972,18.53,1212,0.00,
13:58:30.804788553,59972,18.53,1212,0.00,
13:58:31.530834713,59972,18.53,1234,0.00,
13:58:31.802869792,59972,18.53,1234,0.00,
13:58:32.618876453,59972,18.53,1232,0.00,
13:58:32.800343569,59974,19.07,1232,0.00,
13:58:33.807790843,59975,19.33,1232,0.00,
13:58:33.817935791,59975,19.33,1237,0.00,
13:58:34.805626052,59975,19.33,1237,0.00,
13:58:35.107913716,59975,19.33,1234,0.00,
13:58:35.802974763,59975,19.33,1234,0.00,
13:58:36.499806973,59975,19.33,1230,0.00,
13:58:36.802013733,59977,19.87,1230,0.00,
13:58:37.799277430,59978,20.13,1230,0.00,
13:58:37.990567940,59978,20.13,1214,0.00,
13:58:38.806464039,59977,19.87,1214,0.00,
13:58:39.582505762,59977,19.87,1208,0.00,
13:58:39.806146469,59977,19.87,1208,0.00,
13:58:40.805540022,59978,20.13,1208,0.00,
13:58:41.269765896,59978,20.13,1197,0.00,
13:58:41.804257668,59979,20.40,1197,0.00,
13:58:42.802244426,59980,20.67,1197,0.00,
13:58:43. 53777913,59980,20.67,1182,0.00,
13:58:43.809865743,59979,20.40,1182,0.00,
13:58:44.807365758,59980,20.67,1182,0.00,
13:58:44.938466484,59980,20.67,1157,0.00,
13:58:45.804640435,59980,20.67,1157,0.00,
13:58:46.804690455,59980,20.67,1157,0.00,
13:58:46.824972971,59980,20.67,1134,0.00,
13:58:47.803016528,59981,20.93,1134,0.00,
13:58:48.598660011,59981,20.93,1111,0.00,
13:58:48.810423920,59981,20.93,1111,0.00,
13:58:49.808251679,59981,20.93,1111,0.00,
13:58:50.281759798,59981,20.93,1094,0.00,
13:58:50.805602562,59981,20.93,1094,0.00,
13:58:51.792233023,59981,20.93,1076,0.00,
13:58:51.802395801,59981,20.93,1076,0.00,
13:58:52.810167679,59983,21.47,1076,0.00,
13:58:52.921248444,59983,21.47,1069,0.00,
13:58:53.808151802,59984,21.73,1069,0.00,
13:58:54.543999161,59984,21.73,1075,0.00,
13:58:54.805949805,59984,21.73,1075,0.00,
13:58:55.804264509,59984,21.73,1075,0.00,
13:58:56.146820416,59984,21.73,1094,0.00,
13:58:56.811861079,59984,21.73,1094,0.00,
13:58:57.144493679,59984,21.73,1123,0.00,
13:58:57.809261490,59985,22.00,1123,0.00,
13:58:58.806548127,59984,21.73,1123,0.00,
13:58:58.947586053,59984,21.73,1110,0.00,
13:58:59.804439903,59982,21.20,1110,0.00,
13:59:00.479451987,59982,21.20,1135,0.00,
13:59:00.811979013,59982,21.20,1135,0.00,
13:59:01.648990944,59982,21.20,1169,0.00,
13:59:01.810162052,59982,21.20,1169,0.00,
13:59:02.747527280,59982,21.20,1189,0.00,
13:59:02.808255015,59982,21.20,1189,0.00,
13:59:03.806023365,59982,21.20,1189,0.00,
13:59:04.  7821236,59982,21.20,1221,0.00,
13:59:04.804515126,59980,20.67,1221,0.00,
13:59:05.550240934,59980,20.67,1237,0.00,
13:59:05.812880017,59979,20.40,1237,0.00,
13:59:06.810649726,59980,20.67,1237,0.00,
13:59:07.446962470,59980,20.67,1243,0.00,
13:59:07.810352233,59980,20.67,1243,0.00,
13:59:08.546849634,59980,20.67,1245,0.00,
13:59:08.809243527,59979,20.40,1245,0.00,
13:59:09.666208415,59979,20.40,1242,0.00,
13:59:09.807296280,59978,20.13,1242,0.00,
13:59:10.795094348,59978,20.13,1243,0.00,
13:59:10.805275096,59978,20.13,1243,0.00,
13:59:11.812244551,59976,19.60,1243,0.00,
13:59:11.832785892,59976,19.60,1241,0.00,
13:59:12.810450674,59976,19.60,1241,0.00,
13:59:12.851645555,59976,19.60,1246,0.00,
13:59:13.808189256,59975,19.33,1246,0.00,
13:59:13.969757605,59975,19.33,1243,0.00,
13:59:14.805925800,59974,19.07,1243,0.00,
13:59:15.189359049,59974,19.07,1242,0.00,
13:59:15.814055939,59973,18.80,1242,0.00,
13:59:16.479184373,59973,18.80,1229,0.00,
13:59:16.811869441,59971,18.27,1229,0.00,
13:59:17.808840825,59971,18.27,1229,0.00,
13:59:17.818992190,59971,18.27,1221,0.00,
13:59:18.806581017,59971,18.27,1221,0.00,
13:59:19.259580354,59971,18.27,1211,0.00,
13:59:19.812964982,59972,18.53,1211,0.00,
13:59:20.803985590,59972,18.53,1203,0.00,
13:59:20.815820077,59973,18.80,1203,0.00,
13:59:21.813500314,59973,18.80,1203,0.00,
13:59:22.438507659,59973,18.80,1189,0.00,
13:59:22.811310243,59974,19.07,1189,0.00,
13:59:23.808464399,59975,19.33,1189,0.00,
13:59:24.181062077,59975,19.33,1170,0.00,
13:59:24.816162677,59976,19.60,1170,0.00,
13:59:25.814101737,59976,19.60,1170,0.00,
13:59:25.995649000,59976,19.60,1146,0.00,
13:59:26.811919823,59975,19.33,1146,0.00,
13:59:27.799678172,59975,19.33,1128,0.00,
13:59:27.809833999,59976,19.60,1128,0.00,
13:59:28.807667746,59977,19.87,1128,0.00,
13:59:29.553365086,59977,19.87,1112,0.00,
13:59:29.815482025,59978,20.13,1112,0.00,
13:59:30.812212697,59978,20.13,1112,0.00,
13:59:31.286041044,59978,20.13,1095,0.00,
13:59:31.809732223,59977,19.87,1095,0.00,
13:59:32.816829399,59979,20.40,1095,0.00,
13:59:33.119324325,59979,20.40,1071,0.00,
13:59:33.814630191,59980,20.67,1071,0.00,
13:59:34.812252575,59981,20.93,1071,0.00,
13:59:34.913212696,59981,20.93,1053,0.00,
13:59:35.809629970,59980,20.67,1053,0.00,
13:59:36.515214383,59980,20.67,1038,0.00,
13:59:36.817492640,59981,20.93,1038,0.00,
13:59:37.814461791,59983,21.47,1038,0.00,
13:59:37.955445725,59983,21.47,1027,0.00,
13:59:38.812047091,59984,21.73,1027,0.00,
13:59:38.993707735,59984,21.73,1029,0.00,
13:59:39.809855215,59984,21.73,1029,0.00,
13:59:40. 71624727,59984,21.73,1055,0.00,
13:59:40.817275278,59984,21.73,1055,0.00,
13:59:41. 69344837,59984,21.73,1163,0.00,
13:59:41.814928625,59985,22.00,1163,0.00,
13:59:42. 66877462,59985,22.00,1236,0.00,
13:59:42.812752823,59986,22.27,1236,0.00,
13:59:43. 74921349,59986,22.27,1257,0.00,
13:59:43.809827118,59986,22.27,1257,0.00,
13:59:44.485533305,59986,22.27,1273,0.00,
13:59:44.818963374,59985,22.00,1273,0.00,
13:59:45.816095103,59986,22.27,1273,0.00,
13:59:46.239525121,59986,22.27,1282,0.00,
13:59:46.814246186,59985,22.00,1282,0.00,
13:59:47.812031528,59984,21.73,1282,0.00,
13:59:47.943289593,59984,21.73,1292,0.00,
13:59:48.819055198,59984,21.73,1292,0.00,
13:59:49.151789532,59984,21.73,1323,0.00,
13:59:49.817384082,59985,22.00,1323,0.00,
13:59:50.322651234,59985,22.00,1388,0.00,
13:59:50.816222270,59986,22.27,1388,0.00,
13:59:51.319994205,59986,22.27,1467,0.00,
13:59:51.813964122,59986,22.27,1467,0.00,
13:59:52.368808900,59986,22.27,1536,0.00,
13:59:52.812048480,59986,22.27,1536,0.00,
13:59:53.679048998,59986,22.27,1595,0.00,
13:59:53.820166263,59986,22.27,1595,0.00,
13:59:54.686954049,59986,22.27,1639,0.00,
13:59:54.817962661,59986,22.27,1639,0.00,
13:59:55.695181216,59986,22.27,1671,0.00,
13:59:55.816065391,59987,22.53,1671,0.00,
13:59:56.753681557,59987,22.53,1718,0.00,
13:59:56.814163739,59988,22.80,1718,0.00,
13:59:57.812192530,59989,23.07,1718,0.00,
13:59:57.912926121,59989,23.07,1757,0.00,
13:59:58.819682285,59991,23.60,1757,0.00,
13:59:59. 10898958,59991,23.60,1788,0.00,
13:59:59.819178557,59993,24.13,1788,0.00,
14:00:00.171745231,59993,24.13,1839,0.00,
14:00:00.816414849,59993,24.13,1839,0.00,
14:00:01.239544268,59993,24.13,1929,0.00,
14:00:01.817091358,59995,24.67,1929,0.00,
14:00:02.492936230,59995,24.67,2029,0.00,
14:00:02.815636932,59996,24.93,2029,0.00,
14:00:03.500418282,59996,24.93,2077,0.00,
14:00:03.813716465,59997,25.20,2077,0.00,
14:00:04.780891883,59997,25.20,2080,0.00,
14:00:04.823003145,59998,25.47,2080,0.00,
14:00:05.821308013,59998,25.47,2080,0.00,
14:00:06.275904176,59998,25.47,2093,0.00,
14:00:06.819884623,59996,24.93,2093,0.00,
14:00:07.323900681,59996,20.82,2146,-4.11,
14:00:07.818856480,59996,20.82,2146,-4.11,
14:00:08.333804743,59996,20.56,2225,-4.37,
14:00:08.818052300,59995,20.46,2225,-4.21,
14:00:09.331469047,59995,20.36,2257,-4.31,
14:00:09.815226153,59993,20.17,2257,-3.96,
14:00:10.702385869,59993,20.19,2251,-3.95,
14:00:10.823609908,59991,20.00,2251,-3.60,
14:00:11.823525672,59991,20.00,2251,-3.60,
14:00:12.538441550,59991,20.00,2249,-3.60,
14:00:12.820315839,59992,20.10,2249,-3.77,
14:00:13.596112745,59992,20.10,2250,-3.77,
14:00:13.817577546,59992,20.10,2250,-3.77,
14:00:14.764993655,59992,20.10,2250,-3.77,
14:00:14.815462290,59992,20.10,2250,-3.77,
14:00:15.824029864,59993,20.19,2250,-3.94,
14:00:16. 25744707,59993,20.24,2234,-3.90,
14:00:16.817148555,59995,20.43,2234,-4.23,
14:00:17.391819315,59995,20.50,2213,-4.17,
14:00:17.814814303,59996,20.60,2213,-4.33,
14:00:18.823478854,59996,20.60,2213,-4.33,
14:00:18.843696830,59996,20.64,2200,-4.29,
14:00:19.821762335,59997,20.74,2200,-4.46,
14:00:20.406477977,59997,20.79,2187,-4.41,
14:00:20.819554593,59998,20.89,2187,-4.58,
14:00:21.819431564,59999,20.99,2187,-4.74,
14:00:22. 41146519,59999,21.07,2167,-4.67,
14:00:22.817300692,59998,20.96,2167,-4.50,
14:00:23.774578437,59998,21.06,2140,-4.41,
14:00:23.825003032,59998,21.06,2140,-4.41,
14:00:24.822653022,59998,21.06,2140,-4.41,
14:00:25.618860178,59998,21.15,2114,-4.32,
14:00:25.820791796,59998,21.15,2114,-4.32,
14:00:26.818504476,59998,21.15,2114,-4.32,
14:00:27.543817133,59998,25.47,2077,0.00,
14:00:27.818766851,59996,24.93,2077,0.00,
14:00:28.825972978,59996,24.93,2077,0.00,
14:00:29.582272487,59996,24.93,2037,0.00,
14:00:29.824314581,59995,24.67,2037,0.00,
14:00:30.822895410,59993,24.13,2037,0.00,
14:00:31.709273528,59993,24.13,1997,0.00,
14:00:31.820123430,59991,23.60,1997,0.00,
14:00:32.817866054,59990,23.33,1997,0.00,
14:00:33.826243996,59989,23.07,1997,0.00,
14:00:33.937159624,59989,23.07,1961,0.00,
14:00:34.824951381,59988,22.80,1961,0.00,
14:00:35.823047831,59987,22.53,1961,0.00,
14:00:36. 66221382,59987,22.53,1928,0.00,
14:00:36.822294321,59986,22.27,1928,0.00,
14:00:37.819677727,59985,22.00,1928,0.00,
14:00:38.263192411,59985,22.00,1894,0.00,
14:00:38.827207881,59986,22.27,1894,0.00,
14:00:39.825427641,59985,22.00,1894,0.00,
14:00:40.268423688,59985,22.00,1858,0.00,
14:00:40.824726760,59984,21.73,1858,0.00,
14:00:41.821974861,59983,21.47,1858,0.00,
14:00:42.164945722,59983,21.47,1824,0.00,
14:00:42.820297887,59983,21.47,1824,0.00,
14:00:43.736397045,59983,21.47,1800,0.00,
14:00:43.827297645,59983,21.47,1800,0.00,
14:00:44.824944476,59983,21.47,1800,0.00,
14:00:45. 97034314,59983,21.47,1790,0.00,
14:00:45.822250891,59982,21.20,1790,0.00,
14:00:46.467632845,59982,21.20,1779,0.00,
14:00:46.820425485,59981,20.93,1779,0.00,
14:00:47.827665273,59980,20.67,1779,0.00,
14:00:47.928661923,59980,20.67,1766,0.00,
14:00:48.825098603,59980,20.67,1766,0.00,
14:00:49.440204763,59980,20.67,1755,0.00,
14:00:49.823335451,59980,20.67,1755,0.00,
14:00:50.821117211,59980,20.67,1755,0.00,
14:00:51. 44474663,59980,20.67,1742,0.00,
14:00:51.820946674,59981,20.93,1742,0.00,
14:00:52.738008859,59981,20.93,1724,0.00,
14:00:52.828719519,59981,20.93,1724,0.00,
14:00:53.826312838,59981,20.93,1724,0.00,
14:00:54.440463350,59981,20.93,1703,0.00,
14:00:54.823688224,59981,20.93,1703,0.00,
14:00:55.830850414,59981,20.93,1703,0.00,
14:00:56.173201561,59981,20.93,1679,0.00,
14:00:56.828547554,59982,21.20,1679,0.00,
14:00:57.715439354,59982,21.20,1666,0.00,
14:00:57.826267906,59982,21.20,1666,0.00,
14:00:58.824832494,59982,21.20,1666,0.00,
14:00:58.966053622,59982,21.20,1660,0.00,
14:00:59.822772792,59981,20.93,1660,0.00,
14:00:59.995490033,59981,20.93,1662,0.00,
14:01:00.821889411,59981,20.93,1662,0.00,
14:01:00.993185779,59981,20.93,1681,0.00,
14:01:01.829900457,59981,20.93,1681,0.00,
14:01:02.796731488,59981,20.93,1672,0.00,
14:01:02.827442605,59980,20.67,1672,0.00,
14:01:03.824947793,59980,20.67,1672,0.00,
14:01:03.865607594,59980,20.67,1674,0.00,
14:01:04.823634718,59980,20.67,1674,0.00,
14:01:05. 24976631,59980,20.67,1681,0.00,
14:01:05.831742504,59980,20.67,1681,0.00,
14:01:06.285224162,59980,20.67,1664,0.00,
14:01:06.828879982,59981,20.93,1664,0.00,
14:01:07.574019847,59981,20.93,1651,0.00,
14:01:07.826480913,59981,20.93,1651,0.00,
14:01:08.783325627,59981,20.93,1648,0.00,
14:01:08.823682798,59981,20.93,1648,0.00,
14:01:09.830462433,59981,20.93,1648,0.00,
14:01:09.951493820,59981,20.93,1642,0.00,
14:01:10.827469394,59981,20.93,1642,0.00,
14:01:11.149699218,59981,20.93,1643,0.00,
14:01:11.825589974,59981,20.93,1643,0.00,
14:01:12.349688905,59981,20.93,1638,0.00,
14:01:12.833515050,59981,20.93,1638,0.00,
14:01:13.518865770,59981,20.93,1638,0.00,
14:01:13.831283049,59981,20.93,1638,0.00,
14:01:14.688298821,59981,20.93,1637,0.00,
14:01:14.829603744,59981,20.93,1637,0.00,
14:01:15.825940611,59981,20.93,1637,0.00,
14:01:15.846162467,59981,20.93,1626,0.00,
14:01:16.825225772,59981,20.93,1626,0.00,
14:01:17. 86852053,59981,20.93,1622,0.00,
14:01:17.833231795,59981,20.93,1622,0.00,
14:01:18.316567207,59981,20.93,1613,0.00,
14:01:18.830779806,59982,21.20,1613,0.00,
14:01:19.529065513,59982,21.20,1608,0.00,
14:01:19.831520012,59982,21.20,1608,0.00,
14:01:20.809140757,59982,21.20,1607,0.00,
14:01:20.829355176,59983,21.47,1607,0.00,
14:01:21.826119986,59982,21.20,1607,0.00,
14:01:22.189074511,59982,21.20,1597,0.00,
14:01:22.827054084,59982,21.20,1597,0.00,
14:01:23.613358181,59982,21.20,1584,0.00,
14:01:23.825707079,59983,21.47,1584,0.00,
14:01:24.826061353,59983,21.47,1584,0.00,
14:01:24.998204490,59983,21.47,1569,0.00,
14:01:25.833793625,59984,21.73,1569,0.00,
14:01:26.297765289,59984,21.73,1565,0.00,
14:01:26.831629968,59984,21.73,1565,0.00,
14:01:27.538801525,59984,21.73,1558,0.00,
14:01:27.830931147,59983,21.47,1558,0.00,
14:01:28.828940999,59983,21.47,1558,0.00,
14:01:28.873935917,59983,21.47,1550,0.00,
14:01:29.831960330,59983,21.47,1550,0.00,
14:01:30. 63822935,59983,21.47,1539,0.00,
14:01:30.829589842,59983,21.47,1539,0.00,
14:01:31.101715529,59983,21.47,1538,0.00,
14:01:31.826887641,59983,21.47,1538,0.00,
14:01:32.109288090,59983,21.47,1554,0.00,
14:01:32.828428913,59983,21.47,1554,0.00,
14:01:33.836396807,59984,21.73,1554,0.00,
14:01:33.886851602,59984,21.73,1546,0.00,
14:01:34.833012553,59983,21.47,1546,0.00,
14:01:34.954012194,59983,21.47,1550,0.00,
14:01:35.831554688,59983,21.47,1550,0.00,
14:01:36. 73484295,59983,21.47,1553,0.00,
14:01:36.829598394,59983,21.47,1553,0.00,
14:01:37.245501509,59983,21.47,1555,0.00,
14:01:37.829878449,59983,21.47,1555,0.00,
14:01:38.525260636,59983,21.47,1556,0.00,
14:01:38.827964628,59983,21.47,1556,0.00,
14:01:39.674457368,59983,21.47,1550,0.00,
14:01:39.836053157,59981,20.93,1550,0.00,
14:01:40.763808606,59981,20.93,1549,0.00,
14:01:40.834362621,59981,20.93,1549,0.00,
14:01:41.831557512,59981,20.93,1549,0.00,
14:01:41.962661201,59981,20.93,1545,0.00,
14:01:42.829010617,59981,20.93,1545,0.00,
14:01:43.222925034,59981,20.93,1544,0.00,
14:01:43.837030113,59980,20.67,1544,0.00,
14:01:44.582866479,59980,20.67,1535,0.00,
14:01:44.836058728,59980,20.67,1535,0.00,
14:01:45.833445382,59980,20.67,1535,0.00,
14:01:45.934296811,59980,20.67,1531,0.00,
14:01:46.830263849,59980,20.67,1531,0.00,
14:01:47.242946952,59980,20.67,1528,0.00,
14:01:47.837455765,59979,20.40,1528,0.00,
14:01:48.522931659,59979,20.40,1523,0.00,
14:01:48.835314540,59978,20.13,1523,0.00,
14:01:49.763516921,59978,20.13,1513,0.00,
14:01:49.834059762,59977,19.87,1513,0.00,
14:01:50.832273454,59977,19.87,1513,0.00,
14:01:50.963352652,59977,19.87,1504,0.00,
14:01:51.830552180,59978,20.13,1504,0.00,
14:01:52.223692510,59978,20.13,1493,0.00,
14:01:52.838425668,59978,20.13,1493,0.00,
14:01:53.573952401,59978,20.13,1470,0.00,
14:01:53.835682891,59978,20.13,1470,0.00,
14:01:54.833486851,59979,20.40,1470,0.00,
14:01:54.905237515,59979,20.40,1463,0.00,
14:01:55.831954438,59980,20.67,1463,0.00,
14:01:56.294744229,59980,20.67,1454,0.00,
14:01:56.839102333,59980,20.67,1454,0.00,
14:01:57.716146640,59980,20.67,1441,0.00,
14:01:57.837486256,59980,20.67,1441,0.00,
14:01:58.835226557,59980,20.67,1441,0.00,
14:01:59.199889843,59980,20.67,1418,0.00,
14:01:59.834329367,59981,20.93,1418,0.00,
14:02:00.691223195,59981,20.93,1399,0.00,
14:02:00.832353113,59982,21.20,1399,0.00,
14:02:01.840608359,59982,21.20,1399,0.00,
14:02:02. 32025942,59982,21.20,1389,0.00,
14:02:02.838927588,59982,21.20,1389,0.00,
14:02:03.171524739,59982,21.20,1385,0.00,
14:02:03.836707512,59982,21.20,1385,0.00,
14:02:04.492222009,59982,21.20,1412,0.00,
14:02:04.835012519,59983,21.47,1412,0.00,
14:02:05.703592107,59983,21.47,1472,0.00,
14:02:05.834586773,59984,21.73,1472,0.00,
14:02:06.701845237,59984,21.73,1528,0.00,
14:02:06.832878652,59983,21.47,1528,0.00,
14:02:07.820348836,59983,21.47,1537,0.00,
14:02:07.840570487,59983,21.47,1537,0.00,
14:02:08.840872804,59983,21.47,1537,0.00,
14:02:09.415002616,59983,21.47,1560,0.00,
14:02:09.838099492,59984,21.73,1560,0.00,
14:02:10.412411978,59984,21.73,1582,0.00,
14:02:10.835155816,59984,21.73,1582,0.00,
14:02:11.419998298,59984,21.73,1571,0.00,
14:02:11.833221389,59983,21.47,1571,0.00,
14:02:12.448411952,59983,21.47,1577,0.00,
14:02:12.842666651,59983,21.47,1577,0.00,
14:02:13.457145369,59983,21.47,1586,0.00,
14:02:13.839712752,59984,21.73,1586,0.00,
14:02:14.837562620,59984,21.73,1586,0.00,
14:02:15. 89886007,59984,21.73,1598,0.00,
14:02:15.836114187,59983,21.47,1598,0.00,
14:02:16.683977428,59983,21.47,1616,0.00,
14:02:16.836757977,59982,21.20,1616,0.00,
14:02:17.834564402,59981,20.93,1616,0.00,
14:02:18.509933156,59981,20.93,1630,0.00,
14:02:18.842568331,59979,20.40,1630,0.00,
14:02:19.516969997,59979,20.40,1649,0.00,
14:02:19.840993528,59977,19.87,1649,0.00,
14:02:20.555502705,59977,19.87,1640,0.00,
14:02:20.837732633,59977,19.87,1640,0.00,
14:02:21.664249829,59977,19.87,1642,0.00,
14:02:21.836573778,59976,19.60,1642,0.00,
14:02:22.843790273,59976,19.60,1642,0.00,
14:02:22.864014278,59976,19.60,1637,0.00,
14:02:23.841614988,59977,19.87,1637,0.00,
14:02:24.144285913,59977,19.87,1634,0.00,
14:02:24.839800643,59978,20.13,1634,0.00,
14:02:25.535531391,59978,20.13,1628,0.00,
14:02:25.838232267,59978,20.13,1628,0.00,
14:02:26.835439422,59979,20.40,1628,0.00,
14:02:26.996801370,59979,20.40,1614,0.00,
14:02:27.844244491,59979,20.40,1614,0.00,
14:02:28.570468584,59979,20.40,1600,0.00,
14:02:28.842322034,59979,20.40,1600,0.00,
14:02:29.839525939,59979,20.40,1600,0.00,
14:02:30.162107426,59979,20.40,1587,0.00,
14:02:30.836870283,59979,20.40,1587,0.00,
14:02:31.824716065,59979,20.40,1576,0.00,
14:02:31.844956220,59979,20.40,1576,0.00,
14:02:32.843035468,59978,20.13,1576,0.00,
14:02:33.547422507,59978,20.13,1558,0.00,
14:02:33.839481323,59978,20.13,1558,0.00,
14:02:34.836740079,59976,19.60,1558,0.00,
14:02:35.  7827778,59976,19.60,1546,0.00,
14:02:35.843489117,59977,19.87,1546,0.00,
14:02:36.246755459,59977,19.87,1548,0.00,
14:02:36.841591311,59977,19.87,1548,0.00,
14:02:37.406468714,59977,19.87,1547,0.00,
14:02:37.839473030,59976,19.60,1547,0.00,
14:02:38.635142186,59976,19.60,1543,0.00,
14:02:38.846715250,59976,19.60,1543,0.00,
14:02:39.844360166,59976,19.60,1543,0.00,
14:02:39.935070004,59976,19.60,1536,0.00,
14:02:40.842475434,59976,19.60,1536,0.00,
14:02:41.336396853,59976,19.60,1521,0.00,
14:02:41.840289865,59976,19.60,1521,0.00,
14:02:42.717091680,59976,19.60,1510,0.00,
14:02:42.838347936,59976,19.60,1510,0.00,
14:02:43.845714431,59975,19.33,1510,0.00,
14:02:44.188440885,59975,19.33,1493,0.00,
14:02:44.843673159,59976,19.60,1493,0.00,
14:02:45.709744137,59976,19.60,1482,0.00,
14:02:45.840705934,59977,19.87,1482,0.00,
14:02:46.848696914,59978,20.13,1482,0.00,
14:02:47.322322897,59978,20.13,1475,0.00,
14:02:47.848681131,59978,20.13,1475,0.00,
14:02:48.846105078,59978,20.13,1475,0.00,
14:02:49. 17532264,59978,20.13,1456,0.00,
14:02:49.845810788,59977,19.87,1456,0.00,
14:02:50.813426808,59977,19.87,1444,0.00,
14:02:50.843764790,59977,19.87,1444,0.00,
14:02:51.841758835,59976,19.60,1444,0.00,
14:02:52.608076257,59976,19.60,1429,0.00,
14:02:52.839912683,59975,19.33,1429,0.00,
14:02:53.848280277,59976,19.60,1429,0.00,
14:02:54.312434832,59976,19.60,1417,0.00,
14:02:54.845868977,59975,19.33,1417,0.00,
14:02:55.843712102,59975,19.33,1417,0.00,
14:02:56. 65113821,59975,19.33,1401,0.00,
14:02:56.841255404,59974,19.07,1401,0.00,
14:02:57.849048660,59975,19.33,1401,0.00,
14:02:57.899516434,59975,19.33,1382,0.00,
14:02:58.846850608,59976,19.60,1382,0.00,
14:02:59.834762844,59976,19.60,1346,0.00,
14:02:59.844956939,59976,19.60,1346,0.00,
14:03:00.842524632,59976,19.60,1346,0.00,
14:03:01.830613335,59976,19.60,1323,0.00,
14:03:01.842188252,59979,20.40,1323,0.00,
14:03:02.849915132,59980,20.67,1323,0.00,
14:03:03.846909903,59980,20.67,1323,0.00,
14:03:03.917544177,59980,20.67,1300,0.00,
14:03:04.845135670,59981,20.93,1300,0.00,
14:03:05.843052195,59982,21.20,1300,0.00,
14:03:05.923805877,59982,21.20,1282,0.00,
14:03:06.850956358,59982,21.20,1282,0.00,
14:03:07.788842449,59982,21.20,1264,0.00,
14:03:07.850433714,59982,21.20,1264,0.00,
14:03:08.849110410,59982,21.20,1264,0.00,
14:03:09.332044846,59982,21.20,1238,0.00,
14:03:09.845536535,59982,21.20,1238,0.00,
14:03:10.399482619,59982,21.20,1276,0.00,
14:03:10.844741118,59982,21.20,1276,0.00,
14:03:11.398760947,59982,21.20,1457,0.00,
14:03:11.845563833,59983,21.47,1457,0.00,
14:03:12.424405067,59983,21.47,1507,0.00,
14:03:12.847318019,59983,21.47,1507,0.00,
14:03:13.482069564,59983,21.47,1548,0.00,
14:03:13.854684402,59983,21.47,1548,0.00,
14:03:14.852367009,59983,21.47,1548,0.00,
14:03:14.922937154,59983,21.47,1574,0.00,
14:03:15.852016329,59983,21.47,1574,0.00,
14:03:16.772356166,59983,21.47,1585,0.00,
14:03:16.853393207,59982,21.20,1585,0.00,
14:03:17.769881513,59982,21.20,1579,0.00,
14:03:17.851453785,59981,20.93,1579,0.00,
14:03:18.778327901,59981,20.93,1593,0.00,
14:03:18.848937220,59982,21.20,1593,0.00,
14:03:19.776256796,59982,21.20,1602,0.00,
14:03:19.856935646,59983,21.47,1602,0.00,
14:03:20.774137896,59983,21.47,1591,0.00,
14:03:20.855286899,59984,21.73,1591,0.00,
14:03:21.853218501,59984,21.73,1591,0.00,
14:03:21.903688801,59984,21.73,1590,0.00,
14:03:22.851024488,59985,22.00,1590,0.00,
14:03:23.133279268,59985,22.00,1578,0.00,
14:03:23.848734594,59986,22.27,1578,0.00,
14:03:24.463125105,59986,22.27,1573,0.00,
14:03:24.856091492,59987,22.53,1573,0.00,
14:03:25.783606248,59987,22.53,1568,0.00,
14:03:25.854289724,59987,22.53,1568,0.00,
14:03:26.852468560,59987,22.53,1568,0.00,
14:03:27. 44075986,59987,22.53,1563,0.00,
14:03:27.850048382,59986,22.27,1563,0.00,
14:03:28. 51397174,59986,22.27,1562,0.00,
14:03:28.857955973,59987,22.53,1562,0.00,
14:03:29. 99835830,59987,22.53,1601,0.00,
14:03:29.856023034,59987,22.53,1601,0.00,
14:03:30.148578617,59987,22.53,1644,0.00,
14:03:30.854020278,59986,22.27,1644,0.00,
14:03:31.160886277,59986,22.27,1684,0.00,
14:03:31.856789976,59986,22.27,1684,0.00,
14:03:32.562642919,59986,22.27,1709,0.00,
14:03:32.854793250,59987,22.53,1709,0.00,
14:03:33.853636735,59988,22.80,1709,0.00,
14:03:34.367816248,59988,22.80,1727,0.00,
14:03:34.851497625,59988,22.80,1727,0.00,
14:03:35.418843705,59988,22.80,1734,0.00,
14:03:35.851926609,59989,23.07,1734,0.00,
14:03:36.557060288,59989,23.07,1733,0.00,
14:03:36.859321507,59989,23.07,1733,0.00,
14:03:37.736175829,59989,23.07,1733,0.00,
14:03:37.857166922,59989,23.07,1733,0.00,
14:03:38.805342885,59989,23.07,1732,0.00,
14:03:38.855751590,59990,23.33,1732,0.00,
14:03:39.853494867,59989,23.07,1732,0.00,
14:03:40.186231664,59989,23.07,1751,0.00,
14:03:40.861301047,59990,23.33,1751,0.00,
14:03:41.334716583,59990,23.33,1795,0.00,
14:03:41.860770652,59991,23.60,1795,0.00,
14:03:42.354529213,59991,23.60,1810,0.00,
14:03:42.859298662,59991,23.60,1810,0.00,
14:03:43.777227838,59991,23.60,1812,0.00,
14:03:43.857881943,59991,23.60,1812,0.00,
14:03:44.857834744,59992,23.87,1812,0.00,
14:03:45.392579593,59992,23.87,1823,0.00,
14:03:45.856321140,59993,24.13,1823,0.00,
14:03:46.451258454,59993,24.13,1858,0.00,
14:03:46.856239695,59993,24.13,1858,0.00,
14:03:47.464091364,59993,24.13,1937,0.00,
14:03:47.857954639,59993,24.13,1937,0.00,
14:03:48.665451737,59993,24.13,2003,0.00,
14:03:48.856876934,59994,24.40,2003,0.00,
14:03:49.672765771,59994,24.40,2052,0.00,
14:03:49.854466199,59994,24.40,2052,0.00,
14:03:50.861830939,59994,24.40,2052,0.00,
14:03:51. 74565271,59994,24.40,2089,0.00,
14:03:51.860182604,59995,24.67,2089,0.00,
14:03:52.566562050,59995,20.81,2116,-3.86,
14:03:52.858983560,59995,20.81,2116,-3.86,
14:03:53.567577972,59995,20.60,2182,-4.07,
14:03:53.870599888,59996,20.70,2182,-4.23,
14:03:54.861430964,59996,20.70,2182,-4.23,
14:03:54.913238376,59996,20.63,2203,-4.30,
14:03:55.864623769,59995,20.53,2203,-4.14,
14:03:56.330453574,59995,20.48,2218,-4.18,
14:03:56.864497852,59996,20.58,2218,-4.35,
14:03:57.863086005,59996,20.58,2218,-4.35,
14:03:58.145382137,59996,20.60,2213,-4.33,
14:03:58.871031523,59995,20.50,2213,-4.17,
14:03:59.203398884,59995,20.53,2204,-4.14,
14:03:59.870385386,59996,20.63,2204,-4.31,
14:04:00.356325996,59996,20.68,2188,-4.25,
14:04:00.870554638,59996,20.68,2188,-4.25,
14:04:01.618107332,59996,20.72,2177,-4.22,
14:04:01.870467995,59996,20.72,2177,-4.22,
14:04:02.867472987,59996,20.72,2177,-4.22,
14:04:02.978449321,59996,20.75,2167,-4.18,
14:04:03.865649144,59996,20.75,2167,-4.18,
14:04:04.430855837,59996,20.80,2151,-4.13,
14:04:04.864484934,59997,20.91,2151,-4.29,
14:04:05.864324604,59997,20.91,2151,-4.29,
14:04:05.985552688,59997,20.98,2130,-4.22,
14:04:06.871587245,59998,21.09,2130,-4.37,
14:04:07.637224818,59998,21.13,2120,-4.34,
14:04:07.868886270,59997,21.02,2120,-4.18,
14:04:08.868498049,59997,21.02,2120,-4.18,
14:04:09.383306721,59997,25.20,2099,0.00,
14:04:09.866697506,59998,25.47,2099,0.00,
14:04:10.864934776,59998,25.47,2099,0.00,
14:04:11.227903982,59998,25.47,2069,0.00,
14:04:11.863413027,59998,25.47,2069,0.00,
14:04:12.863957803,59998,25.47,2069,0.00,
14:04:13.176181598,59998,25.47,2032,0.00,
14:04:13.871562245,59999,25.73,2032,0.00,
14:04:14.870583807,59999,25.73,2032,0.00,
14:04:15. 41865453,59999,25.73,2011,0.00,
14:04:15.870409218,60000,26.00,2011,0.00,
14:04:16.777290469,60000,26.00,1979,0.00,
14:04:16.867946742,60000,26.00,1979,0.00,
14:04:17.865281807,60000,26.00,1979,0.00,
14:04:18.200910669,60000,26.00,1967,0.00,
14:04:18.865656539,60001,26.27,1967,0.00,
14:04:19.429807502,60001,26.27,1959,0.00,
14:04:19.872866858,60002,26.53,1959,0.00,
14:04:20.610834948,60002,26.53,1954,0.00,
14:04:20.872736462,60002,26.53,1954,0.00,
14:04:21.709391041,60002,26.53,1943,0.00,
14:04:21.870473928,60001,26.27,1943,0.00,
14:04:22.868116871,60001,26.27,1943,0.00,
14:04:23.412404245,60001,26.27,1943,0.00,
14:04:23.866089653,60002,26.53,1943,0.00,
14:04:24.873863046,60002,26.53,1943,0.00,
14:04:24.984800069,60002,26.53,1952,0.00,
14:04:25.872631587,60002,26.53,1952,0.00,
14:04:26.469026549,60002,26.53,1948,0.00,
14:04:26.872005705,60001,26.27,1948,0.00,
14:04:27.726665130,60001,26.27,1973,0.00,
14:04:27.867806735,60001,26.27,1973,0.00,
14:04:28.877023961,60001,26.27,1973,0.00,
14:04:28.947732925,60001,26.27,1995,0.00,
14:04:29.870715146,60001,26.27,1995,0.00,
14:04:30.203174991,60001,26.27,2018,0.00,
14:04:30.869509018,60001,26.27,2018,0.00,
14:04:31.524919506,60001,26.27,2032,0.00,
14:04:31.877655040,60000,26.00,2032,0.00,
14:04:32.730393971,60000,26.00,2051,0.00,
14:04:32.871420230,59999,25.73,2051,0.00,
14:04:33.853710610,59999,25.73,2070,0.00,
14:04:33.874337004,59999,25.73,2070,0.00,
14:04:34.875000541,59999,25.73,2070,0.00,
14:04:35.147337309,59999,25.73,2076,0.00,
14:04:35.873569086,59998,25.47,2076,0.00,
14:04:36.671361081,59998,25.47,2084,0.00,
14:04:36.872819317,59998,25.47,2084,0.00,
14:04:37.871368434,59998,25.47,2084,0.00,
14:04:38.204250155,59998,25.47,2091,0.00,
14:04:38.869830976,59998,25.47,2091,0.00,
14:04:39.748276039,59998,25.47,2086,0.00,
14:04:39.879303952,59998,25.47,2086,0.00,
14:04:40.877220998,59997,25.20,2086,0.00,
14:04:41.572788924,59997,25.20,2096,0.00,
14:04:41.875261585,59998,25.47,2096,0.00,
14:04:42.572482876,59998,25.47,2093,0.00,
14:04:42.875029894,59999,25.73,2093,0.00,
14:04:43.570043665,59999,25.73,2092,0.00,
14:04:43.872904351,60000,26.00,2092,0.00,
14:04:44.569712162,60000,21.42,2103,-4.58,
14:04:44.871755489,59999,21.30,2103,-4.43,
14:04:45.879672826,59999,21.30,2103,-4.43,
14:04:46. 41225989,59999,25.73,2094,0.00,
14:04:46.879634401,59999,25.73,2094,0.00,
14:04:47.797835095,59999,21.28,2108,-4.45,
14:04:47.878480791,59999,21.28,2108,-4.45,
14:04:48.821243957,59999,21.27,2113,-4.47,
14:04:48.871659045,59998,21.15,2113,-4.31,
14:04:49.880245682,59998,21.15,2113,-4.31,
14:04:49.951166610,59998,21.17,2108,-4.30,
14:04:50.881013436,59997,21.06,2108,-4.14,
14:04:51.173230178,59997,25.20,2096,0.00,
14:04:51.878832617,59998,25.47,2096,0.00,
14:04:52.503677524,59998,25.47,2079,0.00,
14:04:52.876854613,59999,25.73,2079,0.00,
14:04:53.875861976,60000,26.00,2079,0.00,
14:04:53.926228574,60000,26.00,2070,0.00,
14:04:54.873393437,60000,26.00,2070,0.00,
14:04:55.306704489,60000,26.00,2051,0.00,
14:04:55.881182782,60001,26.27,2051,0.00,
14:04:56.598246416,60001,26.27,2037,0.00,
14:04:56.881840281,60001,26.27,2037,0.00,
14:04:57.637601367,60001,26.27,2032,0.00,
14:04:57.880193363,60001,26.27,2032,0.00,
14:04:58.646254847,60001,26.27,2046,0.00,
14:04:58.878043628,60001,26.27,2046,0.00,
14:04:59.875803039,60000,26.00,2046,0.00,
14:05:00.198338606,60000,26.00,2033,0.00,
14:05:00.874068331,60000,26.00,2033,0.00,
14:05:01.756101354,60000,26.00,2054,0.00,
14:05:01.877385006,59999,25.73,2054,0.00,
14:05:02.877677373,59998,25.47,2054,0.00,
14:05:03. 18616697,59998,25.47,2070,0.00,
14:05:03.877127076,59998,25.47,2070,0.00,
14:05:04.219445017,59998,21.17,2109,-4.30,
14:05:04.875940011,59997,21.05,2109,-4.15,
14:05:05.561193093,59997,21.00,2125,-4.20,
14:05:05.883349366,59997,21.00,2125,-4.20,
14:05:06.880571474,59997,21.00,2125,-4.20,
14:05:07.253494683,59997,21.00,2125,-4.20,
14:05:07.882130985,59997,21.00,2125,-4.20,
14:05:08.259193324,59997,21.02,2119,-4.18,
14:05:08.883701370,59997,21.02,2119,-4.18,
14:05:09.347846602,59997,21.04,2114,-4.16,
14:05:09.876190558,59996,20.93,2114,-4.01,
14:05:10.551405854,59996,20.90,2122,-4.03,
14:05:10.883926006,59995,20.79,2122,-3.88,
14:05:11.850829017,59995,20.80,2118,-3.87,
14:05:11.881114263,59994,20.69,2118,-3.71,
14:05:12.880053050,59994,20.69,2118,-3.71,
14:05:13.242893615,59994,20.71,2111,-3.69,
14:05:13.879892736,59994,20.71,2111,-3.69,
14:05:14.740646797,59994,24.40,2092,0.00,
14:05:14.882276924,59994,24.40,2092,0.00,
14:05:15.881582828,59993,24.13,2092,0.00,
14:05:16.337659187,59993,24.13,2074,0.00,
14:05:16.881603188,59993,24.13,2074,0.00,
14:05:17.883579014,59993,24.13,2074,0.00,
14:05:18.  4549224,59993,24.13,2053,0.00,
14:05:18.883263485,59993,24.13,2053,0.00,
14:05:19.751091482,59993,24.13,2023,0.00,
14:05:19.882150118,59994,24.40,2023,0.00,
14:05:20.880246726,59993,24.13,2023,0.00,
14:05:21.589240073,59993,24.13,2001,0.00,
14:05:21.884116651,59992,23.87,2001,0.00,
14:05:22.881874974,59991,23.60,2001,0.00,
14:05:23.456186357,59991,23.60,1977,0.00,
14:05:23.879794637,59991,23.60,1977,0.00,
14:05:24.878465641,59990,23.33,1977,0.00,
14:05:25.191058754,59990,23.33,1963,0.00,
14:05:25.886733230,59990,23.33,1963,0.00,
14:05:26.884513415,59989,23.07,1963,0.00,
14:05:26.915852440,59989,23.07,1939,0.00,
14:05:27.882829151,59989,23.07,1939,0.00,
14:05:28.608196739,59989,23.07,1909,0.00,
14:05:28.879995408,59988,22.80,1909,0.00,
14:05:29.887587936,59988,22.80,1909,0.00,
14:05:30.130126510,59988,22.80,1889,0.00,
14:05:30.888274451,59987,22.53,1889,0.00,
14:05:31.483793243,59987,22.53,1875,0.00,
14:05:31.887032787,59987,22.53,1875,0.00,
14:05:32.794907091,59987,22.53,1864,0.00,
14:05:32.885634442,59987,22.53,1864,0.00,
14:05:33.885227990,59987,22.53,1864,0.00,
14:05:34. 86739314,59987,22.53,1858,0.00,
14:05:34.883157731,59986,22.27,1858,0.00,
14:05:35.377418071,59986,22.27,1850,0.00,
14:05:35.881340165,59986,22.27,1850,0.00,
14:05:36.688068196,59986,22.27,1831,0.00,
14:05:36.881432606,59987,22.53,1831,0.00,
14:05:37.889414330,59987,22.53,1831,0.00,
14:05:38.   446824,59987,22.53,1818,0.00,
14:05:38.888467666,59987,22.53,1818,0.00,
14:05:39.333843871,59987,22.53,1807,0.00,
14:05:39.887847188,59987,22.53,1807,0.00,
14:05:40.582899819,59987,22.53,1800,0.00,
14:05:40.885626658,59987,22.53,1800,0.00,
14:05:41.631433925,59987,22.53,1805,0.00,
14:05:41.885444220,59987,22.53,1805,0.00,
14:05:42.761944056,59987,22.53,1795,0.00,
14:05:42.882768007,59988,22.80,1795,0.00,
14:05:43.879801413,59988,22.80,1793,0.00,
14:05:43.889960884,59989,23.07,1793,0.00,
14:05:44.887413908,59989,23.07,1793,0.00,
14:05:44.988336462,59989,23.07,1794,0.00,
14:05:45.888214065,59988,22.80,1794,0.00,
14:05:45.988952081,59988,22.80,1804,0.00,
14:05:46.885682547,59988,22.80,1804,0.00,
14:05:47.389754126,59988,22.80,1820,0.00,
14:05:47.883980160,59989,23.07,1820,0.00,
14:05:48.629519339,59989,23.07,1859,0.00,
14:05:48.881625270,59990,23.33,1859,0.00,
14:05:49.882652042,59990,23.33,1859,0.00,
14:05:50.185282554,59990,23.33,1887,0.00,
14:05:50.890525146,59991,23.60,1887,0.00,
14:05:51.887885789,59992,23.87,1887,0.00,
14:05:51.948730806,59992,23.87,1910,0.00,
14:05:52.887569305,59993,24.13,1910,0.00,
14:05:53.260577525,59993,24.13,1955,0.00,
14:05:53.885065995,59994,24.40,1955,0.00,
14:05:54.308075569,59994,24.40,2017,0.00,
14:05:54.887394097,59996,24.93,2017,0.00,
14:05:55.532185112,59996,24.93,2100,0.00,
14:05:55.884936826,59995,24.67,2100,0.00,
14:05:56.882256064,59995,20.66,2163,-4.01,
14:05:56.892420333,59995,20.66,2163,-4.01,
14:05:57.892730360,59996,20.76,2163,-4.17,
14:05:58. 73895535,59996,20.66,2193,-4.27,
14:05:58.889948211,59996,20.66,2193,-4.27,
14:05:59.616098375,59996,20.62,2205,-4.31,
14:05:59.889561879,59997,20.73,2205,-4.47,
14:06:00.615510501,59997,20.66,2224,-4.54,
14:06:00.887550415,59997,20.66,2224,-4.54,
14:06:01.615862789,59997,20.70,2213,-4.50,
14:06:01.887945931,59996,20.60,2213,-4.33,
14:06:02.673674091,59996,20.67,2190,-4.26,
14:06:02.885191760,59996,20.67,2190,-4.26,
14:06:03.884388371,59996,20.71,2179,-4.22,
14:06:04.885259804,59997,20.81,2179,-4.39,
14:06:05.198695492,59997,20.88,2161,-4.32,
14:06:05.893677108,59997,20.88,2161,-4.32,
14:06:06.611815006,59997,20.93,2145,-4.27,
14:06:06.886902196,59997,20.93,2145,-4.27,
14:06:07.884778057,59996,20.82,2145,-4.11,
14:06:08.127406056,59996,20.89,2125,-4.04,
14:06:08.893508132,59996,20.89,2125,-4.04,
14:06:09.732530029,59996,20.95,2105,-3.98,
14:06:09.894046296,59996,20.95,2105,-3.98,
14:06:10.893914272,59996,20.95,2105,-3.98,
14:06:11.448718565,59996,24.93,2085,0.00,
14:06:11.891987767,59996,24.93,2085,0.00,
14:06:12.892064766,59996,24.93,2085,0.00,
14:06:13.255046733,59996,24.93,2066,0.00,
14:06:13.889760496,59995,24.67,2066,0.00,
14:06:14.890722134,59994,24.40,2066,0.00,
14:06:15.162784783,59994,24.40,2046,0.00,
14:06:15.888375296,59994,24.40,2046,0.00,
14:06:16.889308521,59994,24.40,2046,0.00,
14:06:16.962457971,59994,24.40,2028,0.00,
14:06:17.890082301,59994,24.40,2028,0.00,
14:06:18.769685578,59994,24.40,1998,0.00,
14:06:18.891168455,59994,24.40,1998,0.00,
14:06:19.889317354,59994,24.40,1998,0.00,
14:06:20.534167633,59994,24.40,1983,0.00,
14:06:20.886706733,59994,24.40,1983,0.00,
14:06:21.894853775,59994,24.40,1983,0.00,
14:06:22.391285491,59994,24.40,1961,0.00,
14:06:22.894733380,59995,24.67,1961,0.00,
14:06:23.894415759,59995,24.67,1961,0.00,
14:06:24.357952937,59995,24.67,1933,0.00,
14:06:24.893666710,59995,24.67,1933,0.00,
14:06:25.892839584,59995,24.67,1933,0.00,
14:06:26.276246592,59995,24.67,1896,0.00,
14:06:26.892088126,59996,24.93,1896,0.00,
14:06:27.812944171,59996,24.93,1876,0.00,
14:06:27.897393371,59996,24.93,1876,0.00,
14:06:28.896815856,59998,25.47,1876,0.00,
14:06:29.271866963,59998,25.47,1852,0.00,
14:06:29.897462641,60000,26.00,1852,0.00,
14:06:30.774985807,60000,26.00,1829,0.00,
14:06:30.895843408,60000,26.00,1829,0.00,
14:06:31.893642702,60000,26.00,1829,0.00,
14:06:31.944046706,60000,26.00,1827,0.00,
14:06:32.894671793,60002,26.53,1827,0.00,
14:06:32.945104597,60002,26.53,1850,0.00,
14:06:33.893908252,60002,26.53,1850,0.00,
14:06:34.538579372,60002,26.53,1844,0.00,
14:06:34.891527360,60003,26.80,1844,0.00,
14:06:35.810097695,60003,26.80,1868,0.00,
14:06:35.895262670,60002,26.53,1868,0.00,
14:06:36.823635627,60002,26.53,1892,0.00,
14:06:36.894543816,60002,26.53,1892,0.00,
14:06:37.898043212,60002,26.53,1892,0.00,
14:06:38. 39260020,60002,26.53,1939,0.00,
14:06:38.897849825,60002,26.53,1939,0.00,
14:06:39.230410977,60002,26.53,1988,0.00,
14:06:39.896453691,60001,26.27,1988,0.00,
14:06:40.470811827,60001,26.27,2033,0.00,
14:06:40.894547498,60002,26.53,2033,0.00,
14:06:41.480729548,60002,26.53,2095,0.00,
14:06:41.894070655,60002,26.53,2095,0.00,
14:06:42.745253903,60002,21.56,2123,-4.97,
14:06:42.896515797,60001,21.45,2123,-4.81,
14:06:43.894433334,60001,21.45,2123,-4.81,
14:06:44.116167830,60001,21.32,2156,-4.94,
14:06:44.892362803,60001,21.32,2156,-4.94,
14:06:45.385884997,60001,21.29,2165,-4.98,
14:06:45.900307094,60000,21.18,2165,-4.82,
14:06:46.897725118,60000,21.18,2165,-4.82,
14:06:47. 38905482,60000,21.20,2161,-4.80,
14:06:47.895022718,59999,21.09,2161,-4.64,
14:06:48. 37894759,59999,21.06,2170,-4.68,
14:06:48.894430056,59999,21.06,2170,-4.68,
14:06:49. 96052996,59999,21.08,2163,-4.65,
14:06:49.891897129,59998,20.98,2163,-4.49,
14:06:50.275031464,59998,21.01,2153,-4.46,
14:06:50.899801430,59997,20.90,2153,-4.30,
14:06:51.544991015,59997,20.92,2149,-4.28,
14:06:51.897667687,59997,20.92,2149,-4.28,
14:06:52.896588436,59996,20.81,2149,-4.12,
14:06:52.927178954,59996,20.88,2129,-4.06,
14:06:53.898956983,59996,20.88,2129,-4.06,
14:06:54.392907887,59996,20.93,2113,-4.00,
14:06:54.897133540,59995,20.82,2113,-3.85,
14:06:55.894563209,59994,20.70,2113,-3.70,
14:06:55.975795517,59994,24.40,2099,0.00,
14:06:56.893313596,59992,23.87,2099,0.00,
14:06:57.639271133,59992,23.87,2071,0.00,
14:06:57.893540870,59992,23.87,2071,0.00,
14:06:58.901003932,59991,23.60,2071,0.00,
14:06:59.415299161,59991,23.60,2041,0.00,
14:06:59.898789997,59990,23.33,2041,0.00,
14:07:00.895784569,59990,23.33,2041,0.00,
14:07:01.278261038,59990,23.33,2015,0.00,
14:07:01.892925498,59990,23.33,2015,0.00,
14:07:02.901059946,59989,23.07,2015,0.00,
14:07:03.122648324,59989,23.07,1989,0.00,
14:07:03.898455708,59989,23.07,1989,0.00,
14:07:04.895981166,59989,23.07,1989,0.00,
14:07:04.986787181,59989,23.07,1970,0.00,
14:07:05.897207704,59989,23.07,1970,0.00,
14:07:06.873980277,59989,23.07,1942,0.00,
14:07:06.894177729,59988,22.80,1942,0.00,
14:07:07.899906302,59987,22.53,1942,0.00,
14:07:08.857909330,59987,22.53,1918,0.00,
14:07:08.898332115,59987,22.53,1918,0.00,
14:07:09.895736023,59988,22.80,1918,0.00,
14:07:10.904492577,59988,22.80,1918,0.00,
14:07:11.902314426,59988,22.80,1918,0.00,
14:07:12.899921991,59988,22.80,1918,0.00,
14:07:12.950378130,59988,22.80,1848,0.00,
14:07:13.897489171,59989,23.07,1848,0.00,
14:07:14.844401429,59989,23.07,1836,0.00,
14:07:14.894893145,59989,23.07,1836,0.00,
14:07:15.904416888,59989,23.07,1836,0.00,
14:07:16.609452308,59989,23.07,1814,0.00,
14:07:16.901525584,59989,23.07,1814,0.00,
14:07:17.898525949,59989,23.07,1814,0.00,
14:07:18.332459486,59989,23.07,1797,0.00,
14:07:18.896625069,59988,22.80,1797,0.00,
14:07:19.692477647,59988,22.80,1793,0.00,
14:07:19.903926995,59987,22.53,1793,0.00,
14:07:20.903628243,59987,22.53,1793,0.00,
14:07:21. 75032337,59987,22.53,1783,0.00,
14:07:21.900610827,59987,22.53,1783,0.00,
14:07:22.474468283,59987,22.53,1773,0.00,
14:07:22.897577327,59987,22.53,1773,0.00,
14:07:23.905260196,59987,22.53,1773,0.00,
14:07:23.965825448,59987,22.53,1758,0.00,
14:07:24.902201835,59986,22.27,1758,0.00,
14:07:25.427422437,59986,22.27,1750,0.00,
14:07:25.901395330,59985,22.00,1750,0.00,
14:07:26.749281437,59985,22.00,1749,0.00,
14:07:26.900474650,59985,22.00,1749,0.00,
14:07:27.899582600,59985,22.00,1749,0.00,
14:07:27.909740639,59985,22.00,1748,0.00,
14:07:28.897598797,59984,21.73,1748,0.00,
14:07:28.978145071,59984,21.73,1737,0.00,
14:07:29.897775306,59983,21.47,1737,0.00,
14:07:29.988441591,59983,21.47,1772,0.00,
14:07:30.906469474,59983,21.47,1772,0.00,
14:07:31.500589826,59983,21.47,1766,0.00,
14:07:31.903821488,59982,21.20,1766,0.00,
14:07:32.508471451,59982,21.20,1800,0.00,
14:07:32.900876916,59982,21.20,1800,0.00,
14:07:33.505366553,59982,21.20,1803,0.00,
14:07:33.897914000,59981,20.93,1803,0.00,
14:07:34.512664602,59981,20.93,1783,0.00,
14:07:34.905795459,59980,20.67,1783,0.00,
14:07:35.671748160,59980,20.67,1776,0.00,
14:07:35.903307102,59979,20.40,1776,0.00,
14:07:36.900954229,59978,20.13,1776,0.00,
14:07:36.941576955,59978,20.13,1776,0.00,
14:07:37.899816298,59978,20.13,1776,0.00,
14:07:38.303324146,59978,20.13,1771,0.00,
14:07:38.907961804,59976,19.60,1771,0.00,
14:07:39.764528180,59976,19.60,1763,0.00,
14:07:39.905892052,59975,19.33,1763,0.00,
14:07:40.903722817,59973,18.80,1763,0.00,
14:07:41.327029118,59973,18.80,1753,0.00,
14:07:41.901956198,59972,18.53,1753,0.00,
14:07:42.900033491,59972,18.53,1753,0.00,
14:07:42.980581311,59972,18.53,1734,0.00,
14:07:43.908146719,59972,18.53,1734,0.00,
14:07:44.734545232,59972,18.53,1721,0.00,
14:07:44.905955115,59971,18.27,1721,0.00,
14:07:45.903302036,59971,18.27,1721,0.00,
14:07:46.589210698,59971,18.27,1710,0.00,
14:07:46.901672673,59970,18.00,1710,0.00,
14:07:47.909582933,59970,18.00,1710,0.00,
14:07:48.534116486,59970,18.00,1687,0.00,
14:07:48.907569248,59970,18.00,1687,0.00,
14:07:49.905716418,59970,18.00,1687,0.00,
14:07:50.591895530,59970,18.00,1666,0.00,
14:07:50.904593751,59970,18.00,1666,0.00,
14:07:51.904300154,59970,18.00,1666,0.00,
14:07:52.740712791,59970,18.00,1637,0.00,
14:07:52.902038479,59970,18.00,1637,0.00,
14:07:53.909456317,59970,18.00,1637,0.00,
14:07:54.905967037,59970,18.00,1637,0.00,
14:07:54.986731542,59970,18.00,1612,0.00,
14:07:55.904363499,59970,18.00,1612,0.00,
14:07:56.901991955,59970,18.00,1612,0.00,
14:07:57.325077904,59970,18.00,1574,0.00,
14:07:57.909454537,59971,18.27,1574,0.00,
14:07:58.906685893,59973,18.80,1574,0.00,
14:07:59.773119850,59973,18.80,1533,0.00,
14:07:59.904157639,59973,18.80,1533,0.00,
14:08:00.911386979,59973,18.80,1533,0.00,
14:08:01.908797984,59974,19.07,1533,0.00,
14:08:02.311589176,59974,19.07,1491,0.00,
14:08:02.906083011,59974,19.07,1491,0.00,
14:08:03.903096562,59974,19.07,1491,0.00,
14:08:04.910562752,59973,18.80,1491,0.00,
14:08:04.951920711,59973,18.80,1439,0.00,
14:08:05.909668673,59972,18.53,1439,0.00,
14:08:06.905981567,59972,18.53,1439,0.00,
14:08:07.681906141,59972,18.53,1391,0.00,
14:08:07.903724538,59971,18.27,1391,0.00,
14:08:08.912840182,59969,18.00,1391,0.00,
14:08:09.908875299,59968,18.00,1391,0.00,
14:08:10.523908963,59968,18.00,1334,0.00,
14:08:10.908633006,59969,18.00,1334,0.00,
14:08:11.906305627,59968,18.00,1334,0.00,
14:08:12.912866988,59967,18.00,1334,0.00,
14:08:13.457253246,59967,18.00,1277,0.00,
14:08:13.911018643,59967,18.00,1277,0.00,
14:08:14.908968047,59967,18.00,1277,0.00,
14:08:15.906971364,59967,18.00,1277,0.00,
14:08:16.481706135,59967,18.00,1218,0.00,
14:08:16.905049443,59966,18.00,1218,0.00,
14:08:17.913026530,59965,18.00,1218,0.00,
