System Time,IA Frequency_0 (MHz),Processor Power_0 (Watt)IA Power_0 (Watt),DRAM Power_0 (Watt),ThermalZone0(Celsius),
16:24:48:711393960,2200000|2200000|2200000|2000000,38.0461,20.3688,7.3499,51000,
16:24:49:213289261,2200000|2000000|2100000|2200000,37.5130,20.5782,6.4387,50000,
16:24:49:714188426,2000000|1900000|1900000|1800000,37.3240,20.1105,6.9016,49000,
16:24:50:215566325,2100000|2000000|1900000|2100000,37.4540,19.7907,7.3414,51000,
16:24:50:716691591,2100000|2000000|1900000|2000000,37.0825,19.3754,7.3810,51000,
16:24:51:218757161,2100000|2200000|1600000|2000000,37.3107,19.6673,7.3103,50000,
16:24:51:719814883,2200000|2200000|2200000|2100000,37.9086,20.7513,6.6755,50000,
16:24:52:221608330,2200000|2200000|2000000|2100000,38.0773,21.1549,6.3715,51000,
16:24:52:723398766,2100000|2200000|1900000|2100000,37.9007,20.9874,6.4473,52000,
16:24:53:224355540,2000000|2200000|2200000|2200000,37.8511,20.8926,6.4245,51000,
16:24:53:725337102,2200000|2100000|2100000|2200000,38.0352,21.1007,6.3842,51000,
16:24:54:228659994,2200000|2200000|2200000|2100000,38.0083,21.0602,6.5155,51000,
16:24:54:730973660,2200000|2200000|2200000|2200000,25.2701,8.6786,5.9507,48000,
16:24:55:240057698,2200000|2200000|2200000|1700000,25.0012,8.4771,5.8201,48000,
16:24:55:745400483,2200000|2200000|2100000|2200000,25.1519,8.6120,5.8721,49000,
16:24:56:247318201,2200000|1900000|2100000|2200000,25.0885,8.5397,5.8805,49000,
16:24:56:749256116,2200000|2200000|2200000|2200000,25.0925,8.6256,5.9138,49000,
16:24:57:251228314,2200000|2200000|1500000|2200000,25.2035,8.6477,5.8496,49000,
16:24:57:753622387,1900000|2200000|2200000|2100000,25.4198,8.8889,5.8845,48000,
16:24:58:255959083,2200000|2200000|2100000|2000000,25.6224,9.0590,5.8606,49000,
16:24:58:758150954,2200000|2200000|2200000|2200000,25.8466,9.3068,5.8342,49000,
16:24:59:260267591,2200000|2200000|2200000|2200000,25.4155,8.9556,5.8808,50000,
16:24:59:766492611,2200000|2200000|2200000|2200000,25.5232,9.0439,5.8976,49000,
16:25:00:269132613,2000000|2200000|2200000|2200000,26.0068,9.4897,5.9057,49000,
16:25:00:772492586,1700000|2200000|2200000|2200000,25.2258,8.7716,5.9257,48000,
16:25:01:276831254,2200000|1900000|2100000|2200000,25.2932,8.8175,5.8618,48000,
16:25:01:781150726,2200000|2200000|2200000|2200000,25.4957,8.9647,5.8816,48000,
16:25:02:283175159,2100000|2200000|2200000|2200000,25.5337,9.0011,5.8597,49000,
16:25:02:788811734,1900000|1700000|1800000|2200000,25.5169,8.9404,5.8825,48000,
16:25:03:291855959,2000000|1800000|1800000|2200000,25.3942,8.8521,5.8331,48000,
16:25:03:794617224,2200000|1900000|2200000|2000000,25.7262,9.1751,5.8624,49000,
16:25:04:296748921,1400000|1800000|2200000|2200000,25.3889,8.7972,5.8457,48000,
16:25:04:798679026,2200000|2200000|1500000|1700000,25.7099,8.9842,6.0438,49000,
16:25:05:301761216,2200000|1500000|2200000|2000000,26.1843,9.4974,6.0673,48000,
16:25:05:808439414,2200000|2200000|2200000|2200000,25.4357,8.7075,5.9494,49000,
16:25:06:311501105,2100000|2000000|2200000|2100000,25.2623,8.6398,5.9834,49000,
16:25:06:814300692,2000000|2200000|2200000|1900000,25.0059,8.4040,5.8742,48000,
16:25:07:321593810,2200000|2200000|2200000|2200000,25.0950,8.5145,5.8176,48000,
16:25:07:823506338,2200000|2200000|2200000|2100000,25.2937,8.6969,5.8275,50000,
16:25:08:325795918,1800000|2200000|2200000|1800000,25.0825,8.4069,5.8908,49000,
16:25:08:836760761,2000000|2000000|1800000|2100000,25.3079,8.6355,5.8077,48000,
16:25:09:341148461,2100000|2200000|2200000|2100000,25.2228,8.5580,5.9218,48000,
16:25:09:843085944,2100000|2200000|2200000|2200000,25.1748,8.5261,5.9426,49000,
16:25:10:346836837,2200000|2200000|1800000|2200000,25.0921,8.4659,5.8524,47000,
16:25:10:849101440,2200000|2200000|2200000|2200000,25.1587,8.6132,5.8731,49000,
16:25:11:351132280,2200000|2200000|2200000|2200000,25.1790,8.7137,5.9114,48000,
16:25:11:853402753,2200000|2200000|2200000|2200000,25.1378,8.5969,5.8273,49000,
16:25:12:355352262,2200000|1900000|2200000|2200000,25.1956,8.5859,5.8747,48000,
16:25:12:863749251,2200000|1900000|2200000|2000000,25.1131,8.5116,5.8776,49000,
16:25:13:365721628,2100000|2000000|2200000|2200000,25.3316,8.6405,6.0364,49000,
16:25:13:869508009,1900000|2200000|2200000|2200000,25.1163,8.3733,5.9577,48000,
16:25:14:376780474,2200000|2200000|2200000|2200000,25.4107,8.7805,5.9143,49000,
16:25:14:878767464,1900000|2200000|2000000|2200000,25.3223,8.5951,6.0247,49000,
16:25:15:386445333,2200000|2200000|2200000|2200000,25.7819,9.0783,5.9859,50000,
16:25:15:888627228,2100000|2200000|2100000|2000000,25.3177,8.6658,5.8486,48000,
16:25:16:391644988,2200000|1800000|2200000|2100000,25.3800,8.7131,5.9599,49000,
16:25:16:894936405,2200000|1900000|2100000|1800000,26.4345,9.6930,6.0491,49000,
16:25:17:397173791,2000000|2200000|2200000|1500000,25.8090,9.0525,6.0663,49000,
16:25:17:899525125,2100000|2100000|2100000|2000000,25.7139,8.9809,5.9623,49000,
16:25:18:402537285,2200000|2200000|2100000|2100000,26.3623,9.6120,6.0389,49000,
16:25:18:906250703,2200000|2100000|2200000|2200000,27.5564,10.8540,6.0887,49000,
16:25:19:408372115,2200000|2200000|2100000|1900000,28.2998,11.5174,6.0679,49000,
16:25:19:909730298,2100000|2200000|2200000|2000000,28.9184,12.0977,6.2538,50000,
16:25:20:411371606,2100000|2100000|2000000|1900000,27.6442,10.8984,6.1672,49000,
16:25:20:913296769,2200000|2200000|2200000|1900000,27.8113,11.1227,6.1490,49000,
16:25:21:418926429,2200000|2100000|1800000|2100000,27.4181,10.6031,5.9936,49000,
16:25:21:923954285,2200000|1500000|2200000|2000000,27.9960,11.1792,6.1630,49000,
16:25:22:431784366,2100000|2200000|2200000|2200000,26.7749,10.0376,6.1107,50000,
16:25:22:933950122,2100000|2200000|2200000|2000000,26.4161,9.6854,6.0797,50000,
16:25:23:438876265,2100000|2200000|2000000|2200000,27.3782,10.6308,6.0721,49000,
16:25:23:944083776,2200000|2100000|2200000|2000000,26.4931,9.8455,5.9386,50000,
16:25:24:445838349,1600000|2200000|2200000|2200000,26.1696,9.4210,5.9952,50000,
16:25:24:950317811,2000000|2100000|2000000|2200000,25.9911,9.2647,6.0407,50000,
16:25:25:458085953,1800000|2200000|1800000|2200000,26.5905,9.8934,6.0876,50000,
16:25:25:959876439,1900000|2200000|2200000|2000000,26.2685,9.5158,5.9621,50000,
16:25:26:462012679,1900000|2200000|2000000|2100000,26.8836,10.0756,6.1943,49000,
16:25:26:964207268,2200000|2000000|2100000|2200000,26.6504,9.7933,6.3237,49000,
16:25:27:466037279,2100000|2200000|1900000|2000000,26.7517,9.8996,6.4034,49000,
16:25:27:968445875,1900000|1800000|2100000|1900000,26.4905,9.7300,6.1040,50000,
16:25:28:470959747,2200000|2200000|2200000|2200000,26.8594,10.0743,6.1063,50000,
16:25:28:973394909,1900000|2200000|2200000|2200000,26.5738,9.7782,6.1485,48000,
16:25:29:475324069,2100000|2100000|2100000|2100000,26.9862,10.1224,6.2588,49000,
16:25:29:977324903,2100000|2000000|2100000|1900000,26.9528,10.0734,6.3314,50000,
16:25:30:479670503,2100000|1900000|2000000|2100000,27.1238,10.2446,6.3872,49000,
16:25:30:981356144,2100000|2200000|2100000|2200000,27.0185,10.1848,6.3448,50000,
16:25:31:487080249,2000000|2100000|2100000|2200000,27.6442,10.8493,6.1862,50000,
16:25:31:989165592,1800000|2000000|2000000|1800000,27.4926,10.6851,6.1713,50000,
16:25:32:492852317,2200000|2200000|2100000|1700000,27.7208,10.8489,6.2310,49000,
16:25:32:994574144,2100000|2000000|2100000|2000000,27.3552,10.5234,6.2463,51000,
16:25:33:496155461,1900000|2100000|2200000|1800000,27.9900,11.1188,6.4077,50000,
16:25:33:997868545,2100000|1800000|2200000|2100000,29.1482,12.0220,6.6142,49000,
16:25:34:505415622,2100000|2200000|1800000|2100000,27.8127,10.9511,6.6022,50000,
16:25:35:  7092328,2200000|2200000|2100000|2200000,28.9004,12.0062,6.4967,50000,
16:25:35:508895140,1900000|2200000|1900000|2200000,28.5047,11.6219,6.3305,51000,
16:25:36: 13801725,2200000|2200000|2200000|2200000,28.3839,11.5281,6.3626,49000,
16:25:36:518849221,2200000|2000000|2100000|2200000,28.9663,12.0337,6.5149,50000,
16:25:37: 22767751,2200000|2100000|1700000|1800000,29.0290,12.0550,6.6858,50000,
16:25:37:527210633,1900000|2200000|1300000|2200000,28.8871,11.9442,6.5388,49000,
16:25:38: 29431076,2100000|1800000|2200000|2000000,28.8023,11.9337,6.3206,50000,
16:25:38:537120024,2000000|2200000|1900000|1700000,28.7922,11.9086,6.2283,50000,
16:25:39: 39473026,2000000|2200000|2000000|2200000,28.6610,11.8148,6.2551,50000,
16:25:39:542469531,2200000|2100000|2200000|2200000,28.9185,12.0942,6.3303,51000,
16:25:40: 44207052,2200000|2100000|2200000|2200000,28.7706,11.8657,6.3391,51000,
16:25:40:545934232,2100000|2100000|2100000|2200000,29.2050,12.3141,6.4578,50000,
16:25:41: 47954814,2200000|2200000|2200000|2200000,28.9524,12.1142,6.2033,50000,
16:25:41:550079631,2200000|2200000|2200000|1700000,29.0731,12.2710,6.1357,50000,
16:25:42: 52634426,2100000|2200000|2200000|2000000,29.4883,12.7157,6.0777,50000,
16:25:42:554594494,2200000|2200000|2200000|2200000,29.4002,12.6608,6.0571,49000,
16:25:43: 56972901,2100000|2200000|2200000|2100000,29.8865,13.0249,6.1258,50000,
16:25:43:561569606,2200000|1900000|2200000|2200000,30.4617,13.6811,6.0644,51000,
16:25:44: 64965622,2200000|1900000|2200000|2200000,29.7882,12.9910,6.1194,50000,
16:25:44:566734387,2200000|1500000|2200000|2100000,29.7736,12.9698,6.2037,51000,
16:25:45: 68152803,2200000|2200000|2200000|2200000,29.7090,12.8778,6.1932,50000,
16:25:45:569779731,2200000|2200000|2200000|2200000,29.7210,12.8246,6.2145,51000,
16:25:46: 71375629,2200000|2200000|2100000|2200000,29.7434,12.9122,6.1636,51000,
16:25:46:572703021,2100000|2100000|2200000|2200000,30.0046,13.2243,6.0406,50000,
16:25:47: 74295371,1900000|2200000|2200000|2200000,30.4385,13.6186,6.2498,51000,
16:25:47:575993899,2200000|2200000|1900000|1700000,30.4337,13.7003,6.0526,50000,
16:25:48: 81155835,2200000|2000000|2200000|2200000,30.3937,13.6393,6.0275,51000,
16:25:48:585161795,2100000|2200000|2200000|2000000,29.9458,13.1883,5.9553,51000,
16:25:49: 91588155,2200000|2200000|2200000|2200000,30.0887,13.2533,6.1933,51000,
16:25:49:593303344,1800000|2200000|2200000|2100000,29.7197,12.9324,6.2287,51000,
16:25:50: 95727614,2200000|2200000|2100000|2200000,29.9117,13.0112,6.1996,51000,
16:25:50:599171017,2200000|2100000|2200000|2100000,29.6105,12.8206,6.0883,51000,
16:25:51:102022058,2100000|2200000|2000000|1800000,29.7374,12.8949,6.2458,50000,
16:25:51:603870830,2000000|2100000|2200000|1800000,29.7101,12.8669,6.1574,51000,
16:25:52:108621229,2000000|2000000|2200000|1700000,29.7438,13.0082,6.0039,51000,
16:25:52:610241651,2200000|2100000|2200000|2100000,29.7574,13.0378,5.9904,50000,
16:25:53:111731449,2200000|2200000|2200000|2100000,30.5108,13.6683,6.1003,52000,
16:25:53:613157815,1800000|1800000|2000000|2200000,30.3868,13.6389,5.9306,50000,
16:25:54:114761296,2200000|2200000|2000000|2200000,30.4066,13.6215,6.0333,51000,
16:25:54:617568953,2200000|1800000|1800000|2200000,30.2199,13.4558,6.0249,52000,
16:25:55:119940743,2200000|2000000|2100000|2000000,30.9833,14.1182,6.2825,53000,
16:25:55:621373361,2200000|2200000|2200000|2200000,31.0156,14.1533,6.1207,52000,
16:25:56:123006959,2200000|2200000|2100000|2200000,30.8881,14.0466,6.1743,51000,
16:25:56:626252513,2200000|2200000|2200000|2200000,30.8143,13.9674,6.2219,51000,
16:25:57:131074955,2200000|2200000|1700000|1800000,31.0160,14.2974,5.9926,52000,
16:25:57:632687369,2200000|2200000|2200000|2200000,31.4104,14.5379,6.0660,52000,
16:25:58:136460334,2100000|1900000|2200000|2000000,31.7466,14.8916,6.2432,51000,
16:25:58:639647001,2200000|1900000|2000000|2200000,32.3006,15.3963,6.3287,52000,
16:25:59:142375259,1700000|2200000|1900000|2200000,31.7548,14.8299,6.4840,52000,
16:25:59:649960102,1900000|2000000|2100000|2200000,31.6640,14.7486,6.3222,52000,
16:26:00:153022585,2100000|2200000|2200000|2200000,32.0031,15.1322,6.4228,53000,
16:26:00:654538471,2100000|2200000|2200000|2000000,31.9085,14.9201,6.4380,52000,
16:26:01:156253549,1800000|2100000|2100000|2200000,31.0830,14.1676,6.4330,52000,
16:26:01:660152276,2200000|2200000|2200000|2100000,31.1002,14.2547,6.2879,52000,
16:26:02:161845641,2100000|1600000|1400000|2100000,31.3030,14.3528,6.3920,51000,
16:26:02:665050945,2100000|2200000|2200000|2200000,31.5412,14.6403,6.3368,51000,
16:26:03:166418919,2200000|2200000|2200000|2200000,31.1838,14.2271,6.5335,51000,
16:26:03:669479926,1800000|1800000|2000000|2200000,31.3647,14.4618,6.5312,52000,
16:26:04:171146186,2100000|2000000|2200000|2200000,31.2063,14.2318,6.3511,53000,
16:26:04:674246158,2200000|2000000|2200000|1400000,31.1813,14.2815,6.5555,51000,
16:26:05:176051599,2200000|2000000|2100000|1900000,31.7732,14.7412,6.7067,52000,
16:26:05:678714576,2200000|2100000|2000000|1900000,31.2164,14.1750,6.7293,52000,
16:26:06:180421996,2100000|2200000|2100000|2100000,31.5183,14.4657,6.5536,52000,
16:26:06:682006999,2100000|2200000|1900000|2000000,30.5071,13.5947,6.4561,52000,
16:26:07:184379031,2100000|2200000|2100000|2100000,30.7521,13.8616,6.2845,52000,
16:26:07:685852219,2100000|2200000|2000000|2200000,30.8132,13.9782,6.1919,52000,
16:26:08:191985727,1900000|2100000|2200000|1700000,30.8921,14.0383,6.1911,53000,
16:26:08:693551685,2200000|2100000|2200000|2200000,31.3184,14.4121,6.4149,53000,
16:26:09:197153061,2000000|2000000|2100000|2100000,31.4574,14.5540,6.3812,53000,
16:26:09:698697398,2200000|2200000|2100000|2200000,31.2486,14.2949,6.3701,52000,
16:26:10:202158452,2200000|2200000|2200000|2200000,31.2580,14.3656,6.3538,52000,
16:26:10:703932159,2100000|2100000|2200000|2200000,31.4116,14.4931,6.4388,52000,
16:26:11:207458166,1900000|2200000|2100000|2200000,31.1810,14.2605,6.4654,53000,
16:26:11:709158522,1900000|2100000|2200000|2200000,31.1904,14.2138,6.4624,53000,
16:26:12:213378306,2000000|2200000|2200000|2200000,31.0848,14.2404,6.2605,53000,
16:26:12:714799667,2200000|2200000|2100000|2000000,31.0438,14.1733,6.1577,52000,
16:26:13:216242311,2000000|2000000|1400000|2100000,31.4943,14.6271,6.0796,52000,
16:26:13:719454523,2200000|2200000|2200000|2200000,31.2683,14.5170,6.1238,52000,
16:26:14:222896820,2200000|2200000|2200000|2200000,32.0446,15.2474,6.0809,53000,
16:26:14:724437990,2200000|2200000|2200000|2200000,31.6375,14.7321,6.1711,52000,
16:26:15:225860288,2200000|2200000|2200000|2200000,31.5730,14.6971,6.2463,52000,
16:26:15:731981554,2200000|1900000|2200000|2200000,31.4815,14.5475,6.3860,53000,
16:26:16:234407864,2200000|1600000|2000000|2200000,30.8547,14.0129,6.1577,53000,
16:26:16:736576244,2100000|2200000|2100000|2100000,30.7556,13.9856,6.2133,53000,
16:26:17:238212362,2200000|2200000|2200000|2100000,30.5115,13.6567,6.1556,53000,
16:26:17:742619244,2200000|2000000|1800000|2200000,30.3744,13.5562,6.1547,52000,
16:26:18:244777863,2100000|2100000|2200000|2200000,30.5243,13.6690,6.2494,53000,
16:26:18:746539817,2200000|2000000|2200000|2100000,30.3649,13.5263,6.2937,53000,
16:26:19:248026624,2200000|2200000|2200000|2200000,29.7948,13.0218,6.0073,52000,
16:26:19:749539281,2200000|2200000|2200000|2200000,29.8482,13.0517,6.2131,53000,
16:26:20:253260610,2100000|2200000|2200000|2200000,29.8728,12.9159,6.3557,53000,
16:26:20:756033861,2200000|2200000|2200000|2100000,29.6653,12.9062,6.1210,53000,
16:26:21:257569546,2200000|2200000|2200000|2200000,30.0140,13.1914,6.2565,53000,
16:26:21:759057152,1900000|2000000|2200000|2200000,29.3319,12.4727,6.2179,52000,
16:26:22:261857798,2200000|2100000|2000000|2200000,29.3131,12.4316,6.4515,53000,
16:26:22:768029736,1700000|2200000|2100000|2100000,29.0421,12.1436,6.3947,53000,
16:26:23:270641589,2200000|2200000|2200000|1900000,29.4322,12.6292,6.2450,53000,
16:26:23:781478971,2200000|2200000|2200000|2100000,29.7675,12.9506,6.0677,53000,
16:26:24:284517384,2100000|2200000|1900000|1700000,29.6534,12.9787,5.9812,53000,
16:26:24:788099381,2100000|2200000|2200000|2200000,30.5373,13.7638,5.9341,53000,
16:26:25:290881557,2200000|1900000|2200000|2000000,30.2792,13.5465,6.0548,53000,
16:26:25:796202225,2200000|2200000|2000000|1900000,30.2911,13.5192,6.0666,52000,
16:26:26:297748375,1800000|2200000|2200000|2200000,30.2536,13.4779,6.1722,53000,
16:26:26:800289822,2200000|2200000|2200000|2200000,29.7705,12.9265,6.1708,54000,
16:26:27:301736288,1800000|1700000|2100000|2200000,29.9091,12.9564,6.6336,53000,
16:26:27:808210905,1900000|2200000|2200000|2100000,29.8451,12.8861,6.6307,53000,
16:26:28:311788494,2200000|2100000|1700000|2200000,30.1850,13.5508,6.3141,53000,
16:26:28:821060814,2200000|2200000|2200000|2200000,30.4374,13.3839,6.2833,53000,
16:26:29:322631600,2000000|2200000|2000000|1300000,30.1183,13.2063,6.4826,53000,
16:26:29:824144156,2100000|2100000|2200000|2200000,30.2467,13.4568,6.2843,53000,
16:26:30:327389500,2000000|2200000|2100000|2100000,30.3167,13.4382,6.3266,53000,
16:26:30:828862347,2200000|2200000|2200000|2000000,30.3105,13.5417,6.1910,52000,
16:26:31:331552469,2200000|2200000|2200000|2200000,30.4510,13.6796,5.9686,53000,
16:26:31:833149141,2200000|2200000|2200000|2100000,30.8923,14.1956,5.9155,53000,
16:26:32:334822164,2100000|1700000|2200000|2200000,30.9825,14.2353,6.1062,53000,
16:26:32:836262008,2100000|2000000|2200000|1800000,30.6271,13.8788,6.0152,52000,
16:26:33:342106365,2200000|2200000|2200000|1900000,31.1768,14.3363,6.1563,53000,
16:26:33:843847390,2100000|2100000|2200000|2200000,30.8653,14.0706,6.1869,53000,
16:26:34:348871781,2200000|1700000|1900000|1900000,30.7468,13.8594,6.2949,52000,
16:26:34:850399396,2000000|1900000|2200000|2100000,30.6461,13.8691,6.2430,53000,
16:26:35:352600886,2100000|1900000|1700000|2200000,30.8172,13.9487,6.3563,52000,
16:26:35:854220720,2200000|2200000|2200000|2200000,31.1497,14.2240,6.3828,54000,
16:26:36:356090433,2100000|2000000|2200000|2200000,30.7016,13.8672,6.3197,52000,
16:26:36:857451731,2200000|2200000|2100000|2200000,31.3711,14.5567,6.1745,53000,
16:26:37:360077926,2100000|2100000|2200000|2200000,31.7104,14.8950,6.3079,53000,
16:26:37:861747176,2200000|2200000|2200000|2200000,31.3333,14.4970,6.1615,54000,
16:26:38:363416422,2200000|2200000|2200000|2200000,31.5589,14.8148,6.1465,54000,
16:26:38:865159359,2200000|1900000|2100000|2000000,31.1298,14.2287,6.2937,53000,
16:26:39:366588211,2100000|2200000|2000000|2200000,31.3831,14.5081,6.3596,53000,
16:26:39:867922545,1700000|1500000|2200000|2200000,31.4985,14.7666,6.1843,54000,
16:26:40:369566219,2200000|2100000|2200000|2000000,31.9592,15.1136,6.0626,53000,
16:26:40:871026132,2100000|2100000|2000000|2100000,31.8158,14.9640,6.2935,53000,
16:26:41:372400836,2200000|2100000|2200000|2100000,32.0654,15.2233,6.2311,54000,
16:26:41:874301210,2200000|2200000|2200000|2200000,32.3589,15.4607,6.4271,54000,
16:26:42:377155883,2200000|2200000|2000000|1900000,32.1075,15.1743,6.5813,53000,
16:26:42:878865024,2200000|2000000|2200000|2000000,32.0253,15.1148,6.4705,54000,
16:26:43:380571490,2100000|2200000|2200000|1900000,32.2420,15.3395,6.4407,54000,
16:26:43:884656605,2100000|2200000|1900000|2200000,32.7544,15.8506,6.6441,54000,
16:26:44:391319811,2200000|2200000|2000000|2200000,32.6265,15.6925,6.3134,54000,
16:26:44:892704461,2200000|2200000|2200000|2200000,33.2171,16.2527,6.5676,54000,
16:26:45:394997429,2200000|2100000|2200000|2100000,33.2814,16.3602,6.4767,53000,
16:26:45:896608677,2100000|2200000|1900000|2200000,33.1783,16.1959,6.6662,55000,
16:26:46:398121162,2100000|2000000|2000000|2200000,33.2865,16.2304,6.7974,54000,
16:26:46:901442095,1700000|2200000|2100000|2200000,32.8984,16.0215,6.6848,54000,
16:26:47:402785523,2100000|2200000|2100000|2000000,32.4940,15.5868,6.4493,53000,
16:26:47:904442606,1900000|2200000|2200000|1900000,32.7378,15.7025,6.6791,53000,
16:26:48:405957063,2200000|1900000|2000000|2200000,32.6416,15.7800,6.3980,55000,
16:26:48:908361714,2100000|2000000|2200000|2200000,32.7013,15.7673,6.6094,54000,
16:26:49:412216214,2100000|2200000|2200000|2000000,32.6721,15.7180,6.5980,54000,
16:26:49:915445167,1900000|2100000|2000000|2200000,32.6350,15.7125,6.4844,54000,
16:26:50:416744221,2200000|2200000|2100000|2200000,32.1639,15.2882,6.5742,54000,
16:26:50:921108941,2200000|2100000|2000000|2100000,32.4317,15.4229,6.7178,54000,
16:26:51:424900644,2200000|2100000|2100000|2000000,32.0008,14.9660,6.6432,53000,
16:26:51:926713060,2200000|2000000|2200000|2000000,32.0906,15.0652,6.7624,54000,
16:26:52:429264618,2000000|1800000|1800000|2000000,31.7594,14.6972,6.8274,54000,
16:26:52:931824640,2200000|2200000|1900000|2100000,31.1158,14.0908,6.7681,53000,
16:26:53:433258545,2200000|2000000|2000000|1900000,31.2012,14.2920,6.4494,54000,
16:26:53:935517085,2000000|1800000|2100000|1900000,31.6846,14.7873,6.4259,54000,
16:26:54:437359926,2100000|2000000|2100000|2200000,30.8410,13.9516,6.6223,54000,
16:26:54:939025422,2200000|2200000|2200000|2100000,30.7492,13.8160,6.3503,54000,
16:26:55:441701433,2200000|2100000|2200000|2200000,30.8258,13.9810,6.3069,53000,
16:26:55:943227688,1800000|2000000|2100000|2200000,31.0066,14.1587,6.2983,54000,
16:26:56:444690251,2200000|2200000|2100000|2200000,30.2281,13.4083,6.3092,54000,
16:26:56:946308547,2000000|2200000|2100000|2200000,29.8925,13.0664,6.1444,53000,
16:26:57:450123071,2000000|2200000|2100000|2200000,29.4499,12.7379,6.0264,54000,
16:26:57:951847031,2000000|1400000|2200000|1300000,29.4315,12.6813,6.1762,54000,
16:26:58:455207590,2000000|1900000|2200000|2200000,29.4205,12.7354,5.8458,54000,
16:26:58:957276951,2100000|2200000|2200000|2100000,29.8119,13.0031,6.1847,54000,
16:26:59:465167643,2200000|1900000|1900000|2200000,29.9124,12.9901,6.3229,55000,
16:26:59:969331866,2200000|2100000|2200000|2200000,29.2378,12.4134,6.2573,54000,
16:27:00:475081273,2000000|2200000|1600000|2200000,29.3754,12.5641,6.2593,54000,
16:27:00:978460662,2200000|2100000|2100000|2100000,29.3974,12.6101,6.1075,54000,
16:27:01:483369562,2200000|2000000|2200000|2200000,29.2828,12.4548,6.1586,54000,
16:27:01:987200329,2200000|2200000|2200000|2200000,28.7362,11.9664,6.2034,53000,
16:27:02:488940228,2100000|2100000|1800000|2200000,29.0368,12.0959,6.3834,54000,
16:27:02:995359596,2000000|2100000|2100000|2200000,29.1571,12.2705,6.4165,53000,
16:27:03:496986209,2100000|2200000|2200000|2100000,29.1317,12.2460,6.4695,53000,
16:27:03:999592731,2200000|2200000|2200000|2100000,28.9519,12.1175,6.2767,53000,
16:27:04:504420866,2000000|1900000|2000000|2200000,28.9048,12.0936,6.1677,53000,
16:27:05:  6046453,2000000|2200000|2000000|2100000,28.8624,12.1082,6.0936,55000,
16:27:05:507660586,2100000|2000000|2100000|2000000,28.7583,12.0172,6.1221,54000,
16:27:06:  9160834,1900000|2200000|2200000|1800000,29.1367,12.3489,6.1658,55000,
16:27:06:512355795,1800000|2200000|2200000|2100000,28.9285,12.0305,6.2537,54000,
16:27:07: 16357696,2200000|2200000|2200000|2200000,29.0710,12.3077,6.1805,54000,
16:27:07:519080348,2100000|2100000|2200000|2000000,28.9812,12.3072,5.9443,54000,
16:27:08: 20592516,1800000|2200000|2100000|1700000,28.9690,12.1687,6.1063,54000,
16:27:08:522723593,2000000|2200000|2200000|2200000,28.8811,12.2354,5.9665,55000,
16:27:09: 24261019,2200000|2200000|2200000|2200000,29.6183,12.8433,5.9820,54000,
16:27:09:525849814,2200000|2100000|2200000|2200000,29.9123,13.1582,6.1260,53000,
16:27:10: 27781972,2000000|2200000|2200000|1900000,30.2294,13.4756,6.1641,54000,
16:27:10:529259974,2200000|2000000|1800000|2100000,31.2595,14.4232,6.1587,55000,
16:27:11: 34086196,2200000|2100000|2200000|2100000,31.3826,14.5290,6.2882,55000,
16:27:11:535553077,2100000|2100000|2100000|2000000,31.2157,14.3905,6.2984,56000,
16:27:12: 39113500,2200000|2200000|1700000|2200000,30.6562,13.8034,6.4493,54000,
16:27:12:542347251,2000000|2200000|2200000|2200000,31.1934,14.2230,6.4382,54000,
16:27:13: 45797321,1900000|2100000|1900000|2000000,30.8246,14.0281,6.3260,55000,
16:27:13:547280813,2000000|1900000|2200000|1900000,32.0235,15.0211,6.5637,56000,
16:27:14: 48701804,1800000|2100000|1800000|1800000,32.1519,15.1970,6.6032,54000,
16:27:14:551809888,2100000|2100000|2000000|2100000,32.3940,15.4762,6.6677,54000,
16:27:15: 54984637,2100000|2200000|2200000|1900000,33.1205,16.1154,6.6777,55000,
16:27:15:556767516,2200000|2200000|2200000|2200000,33.1240,16.0450,6.7465,55000,
16:27:16: 58332014,2200000|1800000|2200000|2200000,33.1500,16.1932,6.6005,55000,
16:27:16:559957727,1700000|2000000|2200000|1900000,33.3056,16.3813,6.6014,55000,
16:27:17: 61671030,2000000|1800000|2100000|1900000,33.1797,16.1495,6.6450,55000,
16:27:17:565162321,1500000|2200000|2100000|2200000,33.5370,16.4885,6.7963,55000,
16:27:18: 69415928,1800000|1800000|2200000|1800000,33.3976,16.3777,6.7306,56000,
16:27:18:572061566,2100000|1700000|2200000|1800000,33.6769,16.6566,6.7813,55000,
16:27:19: 75085311,2200000|2200000|2000000|1600000,33.4690,16.5028,6.4902,54000,
16:27:19:578199092,2200000|2200000|2100000|2100000,33.5802,16.7855,6.2120,56000,
16:27:20: 81155979,2200000|2200000|2200000|2100000,33.6798,16.7524,6.5472,55000,
16:27:20:585405730,2200000|2100000|2100000|2100000,33.8183,16.6359,6.7958,55000,
16:27:21: 92016369,2000000|2100000|1800000|1900000,32.6005,15.7904,6.5534,55000,
16:27:21:593442080,2000000|2100000|2100000|1700000,33.0897,16.0050,6.8763,55000,
16:27:22: 94734500,1900000|2200000|2200000|1900000,32.6239,15.6512,6.5603,55000,
16:27:22:597543139,2200000|2200000|2000000|2100000,32.7418,15.7588,6.5219,55000,
16:27:23: 99330549,2200000|2100000|2200000|2000000,32.5721,15.6280,6.6474,55000,
16:27:23:603119533,2000000|1600000|1800000|1900000,32.3385,15.3299,6.5449,54000,
16:27:24:107501645,1600000|2200000|2200000|1900000,32.2574,15.2989,6.5494,54000,
16:27:24:608985162,2100000|1600000|1900000|1600000,32.3744,15.3738,6.6869,56000,
16:27:25:110707704,2000000|1900000|2100000|2100000,32.4567,15.4493,6.6735,55000,
16:27:25:612077886,1900000|1900000|2100000|2000000,32.2469,15.1695,6.7760,55000,
16:27:26:113354068,2200000|2200000|2100000|2000000,32.1880,15.1101,6.7446,55000,
16:27:26:616071103,2100000|2000000|2000000|1700000,31.7431,14.7066,6.6800,55000,
16:27:27:117504220,1900000|2200000|1800000|2100000,31.6413,14.5721,6.8040,55000,
16:27:27:619900635,1800000|2200000|2200000|1700000,31.8466,14.8107,6.7787,55000,
16:27:28:121959399,1800000|2100000|2000000|2100000,31.6261,14.5481,6.8199,56000,
16:27:28:625517122,1900000|2100000|2100000|1900000,32.0102,14.9204,6.8499,55000,
16:27:29:127012462,2100000|2200000|2200000|2000000,31.9412,14.8289,6.8478,55000,
16:27:29:628539814,2000000|1600000|2200000|2200000,31.9774,14.8415,6.9274,55000,
16:27:30:131663649,2200000|2200000|2100000|2200000,31.8725,14.8360,6.7303,55000,
16:27:30:633159639,2100000|2000000|2000000|2000000,31.8104,14.7742,6.7987,56000,
16:27:31:136088826,2100000|1800000|1300000|2100000,31.1592,14.1681,6.6081,55000,
16:27:31:638228789,2100000|2100000|1900000|2200000,31.4149,14.5121,6.3976,55000,
16:27:32:142283769,2000000|2100000|2100000|1900000,30.9801,14.0386,6.6119,56000,
16:27:32:645612708,1900000|1800000|2200000|1900000,31.2845,14.2991,6.6629,55000,
16:27:33:152104166,2000000|2200000|2200000|1800000,30.8386,13.9013,6.5343,54000,
16:27:33:653707105,2100000|2200000|2200000|2100000,31.0051,14.0069,6.4887,55000,
16:27:34:155916142,2200000|2200000|1900000|2200000,30.2554,13.4259,6.3525,55000,
16:27:34:657471194,1300000|2200000|2200000|2200000,30.3199,13.3853,6.2472,55000,
16:27:35:160053672,2200000|2200000|2200000|2100000,30.1861,13.3167,6.4689,55000,
16:27:35:664204031,2000000|2000000|2100000|2000000,29.8040,12.9059,6.4481,55000,
16:27:36:165919462,2200000|1800000|2100000|2100000,29.7247,12.8174,6.4317,56000,
16:27:36:667739510,2100000|2100000|2200000|2000000,29.7338,12.7992,6.4235,55000,
16:27:37:169249034,2200000|2100000|2200000|2200000,29.6667,12.8219,6.2114,55000,
16:27:37:677158561,1900000|2200000|2100000|2100000,29.3236,12.5008,6.3202,56000,
16:27:38:179500860,2200000|2100000|2100000|2000000,29.5320,12.6694,6.2822,55000,
16:27:38:682512855,1900000|2200000|2200000|2200000,28.9702,12.0593,6.3804,55000,
16:27:39:185904410,2200000|2100000|2200000|2100000,28.8270,11.9285,6.4620,56000,
16:27:39:687575666,2000000|2200000|2000000|2200000,28.7381,11.8734,6.3970,54000,
16:27:40:190048753,2100000|2200000|2200000|2100000,29.1518,12.1900,6.4472,55000,
16:27:40:692866032,2200000|2100000|2000000|1900000,29.0216,12.1680,6.4437,54000,
16:27:41:197161907,1900000|2200000|2200000|1900000,28.6399,11.7966,6.3205,55000,
16:27:41:703976677,2200000|2200000|2200000|2200000,28.8178,11.8742,6.3004,55000,
16:27:42:208757562,2200000|2000000|1800000|2100000,28.6789,11.8434,6.3870,56000,
16:27:42:711286063,1900000|2000000|2000000|2200000,28.8668,11.9608,6.5213,55000,
16:27:43:214809783,1900000|1700000|2000000|2200000,28.8986,11.9897,6.4521,55000,
16:27:43:717031643,1700000|2200000|2100000|1900000,28.3742,11.4025,6.5892,55000,
16:27:44:218667267,2200000|2000000|2100000|2200000,28.0537,11.2089,6.3863,54000,
16:27:44:720493743,2100000|1900000|2100000|2100000,29.0027,12.0554,6.4236,55000,
16:27:45:226196644,2100000|2100000|2000000|2000000,28.3157,11.4402,6.4991,54000,
16:27:45:732271253,2200000|2100000|2200000|2000000,29.0337,12.0774,6.5176,54000,
16:27:46:234117870,2200000|2000000|1500000|2200000,28.2655,11.4029,6.2688,54000,
16:27:46:735675890,2200000|1900000|1900000|2100000,28.9957,12.0224,6.6629,54000,
16:27:47:237489726,2200000|2200000|2100000|2200000,28.7445,11.8310,6.5208,55000,
16:27:47:738986110,2100000|2100000|2000000|2200000,28.9002,12.0929,6.2801,54000,
16:27:48:240862665,1900000|2200000|2100000|2100000,29.2459,12.3047,6.4570,54000,
16:27:48:742486077,2200000|2100000|2100000|2100000,28.5600,11.8540,6.0319,55000,
16:27:49:243781771,1500000|2200000|2100000|2200000,29.5202,12.6324,6.4405,54000,
16:27:49:745516743,2200000|1500000|2100000|2200000,28.0727,11.3598,6.0905,55000,
16:27:50:246879689,2100000|2100000|1800000|2200000,28.0305,11.1704,6.2269,55000,
16:27:50:748716689,2200000|2100000|2200000|2200000,28.2998,11.4936,6.2307,54000,
16:27:51:252595206,2200000|2200000|2100000|2200000,28.9447,12.2014,6.0683,54000,
16:27:51:756448685,2200000|1900000|1900000|1900000,28.9191,12.0235,6.2838,55000,
16:27:52:258045731,2200000|2100000|1700000|2100000,28.4921,11.7352,6.1339,54000,
16:27:52:759877710,2100000|2200000|2200000|2100000,28.8500,12.0186,6.1370,55000,
16:27:53:262103413,2200000|2200000|2200000|2200000,28.3678,11.5969,6.0288,54000,
16:27:53:765164931,2200000|2000000|2200000|2200000,29.0176,12.2565,6.2309,55000,
16:27:54:268026342,1600000|2200000|2100000|2100000,28.6777,11.8611,6.1164,54000,
16:27:54:770120632,1700000|2100000|2200000|1900000,28.7679,11.9633,6.2583,55000,
16:27:55:271728831,1900000|2100000|2200000|2200000,27.6416,10.8585,6.1388,54000,
16:27:55:773457160,1900000|2200000|1900000|2200000,27.8993,11.2073,5.9723,54000,
16:27:56:275090401,1700000|1800000|2200000|1400000,28.0856,11.2190,6.2380,55000,
16:27:56:777378669,1900000|2200000|2000000|1800000,27.8607,11.0927,6.1585,54000,
16:27:57:279897338,2200000|1800000|2200000|2200000,27.7863,11.0240,6.0558,55000,
16:27:57:781981514,2200000|2200000|1900000|2200000,27.5599,10.7986,5.9946,54000,
16:27:58:284431912,1900000|2100000|2200000|2000000,27.6614,10.9380,5.9227,54000,
16:27:58:786129503,2200000|2200000|2200000|2200000,27.3837,10.6809,5.9844,55000,
16:27:59:287973991,2200000|2200000|2200000|2200000,28.1370,11.4069,6.0771,55000,
16:27:59:793160279,1600000|2100000|1900000|2200000,27.8042,11.0710,6.1118,54000,
16:28:00:298169063,2200000|2200000|2000000|1900000,28.3706,11.5245,6.1591,55000,
16:28:00:800325774,2200000|1800000|1600000|1300000,28.2418,11.4361,6.1928,54000,
16:28:01:302033404,2100000|2200000|2200000|2200000,28.6477,11.8448,6.1942,54000,
16:28:01:803712331,2200000|2000000|2100000|2200000,28.3501,11.5611,6.2241,55000,
16:28:02:305549441,1900000|1900000|2100000|2000000,28.5482,11.6138,6.4087,55000,
16:28:02:810798146,2000000|2200000|2200000|2200000,28.6261,11.7823,6.2092,55000,
16:28:03:312761305,2200000|1900000|1800000|2200000,28.5735,11.6229,6.4965,55000,
16:28:03:815178461,2100000|2200000|2200000|1800000,28.7024,11.7682,6.5381,55000,
16:28:04:317112515,2100000|1300000|2200000|1900000,29.1241,12.3240,6.2076,55000,
16:28:04:818709787,2000000|2100000|2100000|2000000,28.9421,12.0203,6.6415,55000,
16:28:05:324768178,2200000|1800000|2000000|2200000,29.3584,12.4187,6.4255,55000,
16:28:05:826409205,2200000|2200000|2200000|2100000,29.5455,12.6981,6.4908,55000,
16:28:06:333157154,2200000|2200000|2200000|2200000,29.3033,12.3145,6.3513,55000,
16:28:06:836495554,1900000|2000000|2200000|2200000,29.7773,12.8980,6.3362,55000,
16:28:07:339254415,2100000|2200000|2100000|2100000,29.3542,12.5276,6.2825,55000,
16:28:07:841855205,1900000|2200000|2200000|2200000,29.3722,12.4036,6.5001,55000,
16:28:08:343381200,2200000|2100000|2000000|2200000,29.4178,12.5541,6.3228,55000,
16:28:08:845528290,2000000|2000000|2100000|2000000,29.9082,12.9133,6.6292,55000,
16:28:09:347018190,2200000|2100000|2000000|2000000,29.8051,12.9018,6.4097,56000,
16:28:09:848819274,2200000|2100000|2200000|2200000,29.6860,12.7921,6.5198,55000,
16:28:10:354913869,2200000|2200000|2000000|2200000,29.6620,12.7916,6.3114,55000,
16:28:10:857864790,2000000|2200000|2200000|2200000,29.6880,12.7695,6.3573,55000,
16:28:11:359460448,1800000|2200000|2000000|2000000,29.7654,12.9650,6.0996,56000,
16:28:11:863260552,2000000|2100000|2200000|2200000,29.6209,12.8123,6.3156,55000,
16:28:12:364852979,2200000|1800000|2000000|1900000,29.5772,12.7315,6.1870,56000,
16:28:12:866483517,2200000|1700000|2100000|2100000,30.4690,13.5546,6.5224,55000,
16:28:13:368295578,2200000|2100000|2200000|1900000,30.5011,13.6427,6.4076,55000,
16:28:13:871067207,2200000|2100000|2200000|2000000,30.3826,13.4262,6.4779,55000,
16:28:14:372603752,2200000|2200000|2000000|2200000,30.2303,13.3261,6.4453,56000,
16:28:14:876402471,2000000|2100000|1800000|2100000,30.0049,13.0632,6.4623,55000,
16:28:15:379945999,2000000|2000000|2200000|2100000,29.8493,12.9561,6.3799,55000,
16:28:15:883551348,1800000|2200000|2200000|2100000,29.6341,12.7034,6.5138,55000,
16:28:16:386042802,1600000|2000000|2000000|2000000,30.0653,13.0965,6.6018,55000,
16:28:16:888052504,2100000|2200000|2200000|2000000,29.9334,13.0722,6.2713,56000,
16:28:17:389644685,1900000|2200000|2200000|2100000,29.8907,13.0095,6.4346,55000,
16:28:17:891352680,2200000|2200000|2100000|2200000,30.0336,13.0909,6.4422,55000,
16:28:18:392850318,2200000|2200000|2100000|2200000,29.5415,12.6048,6.5692,55000,
16:28:18:894396691,2200000|2100000|2000000|1800000,29.8542,12.9279,6.5117,55000,
16:28:19:400167982,2200000|2200000|2200000|2100000,29.8160,12.9615,6.4043,57000,
16:28:19:903312520,2200000|2100000|2200000|2200000,30.2664,13.3831,6.2480,56000,
16:28:20:412532404,2200000|1900000|2200000|2000000,30.1314,13.3005,6.1895,56000,
16:28:20:914127608,2100000|2100000|2200000|1600000,29.8938,13.1198,6.0823,55000,
16:28:21:417302706,1800000|2100000|2200000|2200000,29.7560,12.9544,6.0517,55000,
16:28:21:918766488,2100000|2200000|1900000|2100000,29.7376,12.9247,6.2449,55000,
16:28:22:420218052,1800000|2100000|2200000|2200000,30.3680,13.4903,6.3621,56000,
16:28:22:921687636,2200000|2200000|1900000|2000000,30.6975,13.6687,6.6757,56000,
16:28:23:424689630,2100000|2100000|2100000|2000000,30.3468,13.4339,6.5767,56000,
16:28:23:927623954,1900000|2000000|2200000|2200000,30.4352,13.4627,6.4917,55000,
16:28:24:432000315,1800000|2200000|2100000|2100000,30.5654,13.5547,6.6457,54000,
16:28:24:933404798,1900000|2100000|2200000|2100000,30.7084,13.7736,6.4382,55000,
16:28:25:435000208,2100000|2100000|1600000|2200000,31.0086,14.0694,6.5466,55000,
16:28:25:937111908,2200000|1800000|1900000|2100000,30.6164,13.6530,6.4651,56000,
16:28:26:440816948,2200000|2200000|2200000|2000000,30.7128,13.7651,6.5801,55000,
16:28:26:944838736,2100000|2000000|1800000|2200000,30.9290,13.9089,6.5544,56000,
16:28:27:446674648,2200000|2100000|2100000|2200000,31.6053,14.6662,6.4245,56000,
16:28:27:948526601,2100000|2000000|2200000|2100000,31.3832,14.3947,6.6780,56000,
16:28:28:453281276,2200000|2200000|2000000|1400000,31.3335,14.4088,6.3777,56000,
16:28:28:954849110,2200000|1800000|1600000|2200000,31.2344,14.2911,6.4673,56000,
16:28:29:457887529,1700000|1900000|2200000|2200000,30.9896,14.0872,6.4741,56000,
16:28:29:959545326,1900000|2000000|1900000|2100000,30.8736,13.8662,6.5695,56000,
16:28:30:461011158,1900000|1800000|1700000|2000000,31.3776,14.3929,6.5559,56000,
16:28:30:962697986,2200000|2000000|2000000|2100000,31.8727,14.9130,6.6597,56000,
16:28:31:464453155,2100000|2000000|1900000|2200000,31.9832,14.9440,6.6532,57000,
16:28:31:965985877,2200000|2000000|2000000|2200000,31.8997,14.9165,6.5642,56000,
16:28:32:467437009,2200000|2100000|2200000|1900000,32.0435,15.0459,6.6862,56000,
16:28:32:970929089,2200000|2000000|1800000|1900000,31.3228,14.3363,6.6165,57000,
16:28:33:472339455,2200000|2100000|2100000|1900000,31.5319,14.6155,6.4885,56000,
16:28:33:974231548,2200000|2200000|2100000|2200000,30.7410,13.6900,6.6118,56000,
16:28:34:475646108,2200000|2100000|2000000|2100000,30.5643,13.5453,6.6443,57000,
16:28:34:977153443,2000000|1800000|1800000|2200000,30.7324,13.8407,6.4168,57000,
16:28:35:480083074,2000000|2100000|2000000|2000000,30.9154,13.8549,6.7252,56000,
16:28:35:981399806,1900000|1700000|2200000|2200000,30.6487,13.7128,6.4452,56000,
16:28:36:483241683,1900000|2100000|1900000|2000000,30.2752,13.3709,6.5424,56000,
16:28:36:986004406,2200000|2100000|2100000|1800000,30.4529,13.5458,6.2567,57000,
16:28:37:489671931,1700000|2100000|2000000|2000000,30.3005,13.4419,6.2655,56000,
16:28:37:991686879,2200000|2100000|2200000|2200000,29.8418,12.9708,6.2878,55000,
16:28:38:493380707,2100000|1900000|2100000|2200000,29.9741,13.1383,6.2407,55000,
16:28:38:995598310,2100000|2200000|2200000|2200000,29.8959,13.0395,6.3113,56000,
16:28:39:499360744,2100000|2200000|2100000|1900000,29.8730,13.0393,6.2836,56000,
16:28:40:  1537697,1900000|2100000|1900000|1900000,30.0345,13.1528,6.2006,56000,
16:28:40:504881115,2200000|2100000|2000000|1800000,29.7924,12.9042,6.3357,56000,
16:28:41:  6327606,2100000|2200000|2100000|2000000,29.7666,12.8890,6.4990,55000,
16:28:41:508069181,2100000|2200000|2100000|1800000,29.9567,12.9589,6.5110,55000,
16:28:42:  9463052,2200000|1900000|2100000|1900000,29.6305,12.7176,6.4171,56000,
16:28:42:510965287,2000000|2200000|2000000|2200000,29.6096,12.6195,6.6477,56000,
16:28:43: 12790842,2200000|2200000|2000000|2200000,29.9598,13.0753,6.4807,56000,
16:28:43:516609254,2000000|2200000|2200000|1900000,30.3627,13.3241,6.6260,56000,
16:28:44: 19263954,2200000|1900000|1800000|2000000,30.3502,13.4225,6.5258,56000,
16:28:44:520760707,2200000|1900000|1900000|2200000,30.0593,13.1599,6.3405,56000,
16:28:45: 22216867,1700000|2000000|2200000|1900000,30.4363,13.4796,6.3600,56000,
16:28:45:524000513,2100000|2200000|1900000|2200000,30.3258,13.4577,6.2845,55000,
16:28:46: 25445083,2000000|2200000|2200000|2000000,30.5549,13.7562,6.1274,56000,
16:28:46:527871129,2100000|2200000|2200000|2200000,30.3136,13.4838,6.2216,55000,
16:28:47: 30398136,2200000|1900000|2200000|1800000,30.2247,13.4003,6.1584,55000,
16:28:47:534013581,2200000|2200000|2200000|2100000,30.4393,13.5779,6.0911,56000,
16:28:48: 39156123,2200000|2200000|2200000|2100000,30.3697,13.5432,6.0836,55000,
16:28:48:540625267,2100000|2000000|2200000|1800000,30.3746,13.5246,6.2230,56000,
16:28:49: 42074947,2100000|1800000|1800000|2200000,29.8115,12.9582,6.2554,57000,
16:28:49:544422251,2200000|2200000|1800000|2200000,29.5726,12.7212,6.2215,56000,
16:28:50: 47003964,2200000|2200000|2000000|2200000,30.0214,13.2137,6.1738,56000,
16:28:50:551595759,2200000|2000000|2200000|2000000,30.5098,13.5891,6.3724,56000,
16:28:51: 53718562,2000000|1700000|2100000|2200000,30.2919,13.4002,6.4033,56000,
16:28:51:554997209,2200000|2100000|2100000|2000000,30.3357,13.3686,6.5918,56000,
16:28:52: 56938649,1700000|1900000|2200000|2200000,30.6295,13.7207,6.6134,57000,
16:28:52:562807710,2200000|2200000|2100000|2100000,29.5825,12.6111,6.3214,56000,
16:28:53: 64609273,1300000|1200000|2200000|2200000,29.8794,13.0049,6.2786,56000,
16:28:53:566141592,2100000|2200000|2100000|2200000,29.9313,13.0641,6.2808,56000,
16:28:54: 70079197,2200000|1800000|2000000|2100000,29.9042,12.9572,6.6196,57000,
16:28:54:571626420,2000000|2200000|1900000|2000000,29.8981,13.0193,6.2479,57000,
16:28:55: 75014064,2000000|1700000|2200000|1200000,29.6121,12.6724,6.2826,56000,
16:28:55:576603357,2100000|2200000|2100000|2100000,30.0785,13.1787,6.4149,57000,
16:28:56: 84037907,2100000|1900000|2200000|2000000,30.2559,13.3737,6.2893,55000,
16:28:56:585570579,2100000|2200000|2100000|2000000,30.2390,13.3268,6.5228,56000,
16:28:57: 89773753,2200000|2000000|2200000|2100000,30.4938,13.6023,6.2991,56000,
16:28:57:591416202,2000000|2000000|2100000|2000000,29.9518,13.1212,6.2288,55000,
16:28:58: 93220202,2200000|2200000|2200000|2200000,29.8088,12.8905,6.2362,55000,
16:28:58:596860945,1900000|1900000|2200000|2100000,29.5652,12.7256,6.2397,56000,
16:28:59: 99453000,1600000|2200000|1600000|1900000,29.5201,12.7183,6.2035,56000,
16:28:59:601237140,2200000|2000000|2200000|2200000,29.5405,12.6660,6.1303,55000,
16:29:00:103331227,2100000|2100000|2200000|2100000,29.7122,12.8205,6.2862,56000,
16:29:00:610869790,2100000|2100000|2100000|2100000,29.8525,12.9960,6.2068,56000,
16:29:01:112387164,2200000|2200000|2200000|2100000,29.8946,13.0415,6.2380,55000,
16:29:01:615614316,2100000|2200000|2200000|2200000,29.9433,13.0856,6.2511,55000,
16:29:02:118117302,1900000|2200000|2200000|2100000,29.4141,12.5803,6.1663,57000,
16:29:02:621523906,2200000|2200000|2200000|2100000,29.4259,12.5829,6.1962,56000,
16:29:03:123033570,2200000|2200000|2200000|2000000,29.3649,12.5416,6.1702,55000,
16:29:03:626647208,2000000|2200000|2200000|2000000,29.0778,12.1761,6.2281,55000,
16:29:04:129210479,2000000|1900000|1900000|2200000,29.0733,12.2345,6.2116,56000,
16:29:04:630675366,2100000|2200000|1900000|2200000,28.5942,11.7840,6.1474,55000,
16:29:05:132356230,2000000|2200000|2200000|2200000,29.0121,12.1889,6.2594,56000,
16:29:05:635508876,2100000|2200000|2100000|2200000,28.0651,11.2961,5.9840,55000,
16:29:06:137249424,2200000|1800000|2200000|1900000,28.3711,11.6355,6.0664,55000,
16:29:06:639425730,2200000|2200000|2200000|2200000,27.9382,11.0962,6.1873,55000,
16:29:07:146282972,1600000|1700000|2200000|1500000,27.5663,10.7536,6.1336,56000,
16:29:07:647845436,1900000|2200000|2100000|2200000,28.2379,11.4660,6.1149,56000,
16:29:08:152584987,2200000|2200000|2200000|1900000,27.9466,11.2818,5.9545,55000,
16:29:08:654664549,2200000|2100000|1900000|2200000,27.9691,11.2076,5.9600,56000,
16:29:09:158460510,2200000|2200000|2200000|2200000,27.9209,11.1765,5.9251,56000,
16:29:09:660778875,2200000|1900000|2100000|2200000,26.9728,10.2846,5.9527,55000,
16:29:10:162798208,2000000|2100000|2200000|1800000,26.9446,10.3213,5.8638,56000,
16:29:10:667163799,2100000|2200000|2000000|2200000,26.7515,10.0684,5.9486,55000,
16:29:11:168851427,2200000|2200000|2200000|2200000,26.3345,9.6297,5.7985,55000,
16:29:11:670497595,2200000|1900000|1900000|2200000,27.0842,10.3769,6.0081,55000,
16:29:12:172323639,2200000|2000000|1500000|2200000,28.4160,11.6618,5.9361,56000,
16:29:12:673934714,2100000|2200000|1500000|2100000,27.7241,10.9882,6.0238,56000,
16:29:13:176215659,2200000|2200000|2200000|2200000,28.5831,11.7550,6.1294,55000,
16:29:13:678105348,2000000|2200000|2200000|2100000,27.7374,11.0259,5.9678,55000,
16:29:14:183784097,2100000|2100000|2200000|2100000,27.7317,10.9311,6.0283,55000,
16:29:14:686671675,2200000|2200000|2000000|1900000,27.5794,10.8493,6.0011,55000,
16:29:15:188483789,2000000|2200000|2100000|2100000,27.0620,10.3389,5.9297,55000,
16:29:15:690219737,2200000|2200000|2100000|2000000,27.7361,10.9771,6.0519,56000,
16:29:16:196849177,2200000|2000000|2000000|1900000,28.0815,11.3670,5.9654,56000,
16:29:16:698551232,2100000|2100000|2200000|2100000,28.5849,11.7329,6.0867,56000,
16:29:17:200680978,2000000|2000000|2200000|2000000,28.2675,11.5054,5.9911,56000,
16:29:17:702550992,2200000|2200000|2200000|2200000,28.1187,11.3362,6.1011,56000,
16:29:18:204266629,2100000|2100000|1500000|2000000,27.9328,11.2077,6.0314,55000,
16:29:18:706287811,2200000|2200000|2200000|2000000,28.1300,11.2635,6.2700,56000,
16:29:19:210237531,2100000|2200000|1800000|2100000,27.9049,11.0338,6.2132,54000,
16:29:19:711932780,2200000|2000000|2200000|1700000,27.6106,10.8013,6.2016,55000,
16:29:20:214037888,2200000|2100000|2200000|2000000,27.7870,10.9608,6.0827,56000,
16:29:20:715992822,2200000|2100000|2000000|2200000,28.1361,11.3471,6.2758,57000,
16:29:21:219208258,2000000|2200000|2100000|1800000,28.6920,11.8263,6.2462,56000,
16:29:21:725131855,2200000|1900000|2000000|2200000,28.1732,11.3299,6.0951,57000,
16:29:22:229157817,2200000|2100000|2100000|2200000,27.9908,11.1907,6.1186,56000,
16:29:22:730988041,1700000|2000000|2100000|2200000,27.4839,10.8063,5.9602,57000,
16:29:23:232684050,2200000|2000000|2200000|2200000,27.6947,10.9141,6.0130,56000,
16:29:23:738235358,2200000|1900000|2200000|1800000,27.3200,10.5866,6.0340,55000,
16:29:24:240239601,2200000|2200000|1500000|1800000,27.1069,10.4544,5.8996,55000,
16:29:24:741927473,2200000|2100000|2200000|2200000,27.7041,10.9361,6.0230,55000,
16:29:25:246029221,2200000|1700000|2100000|1700000,27.0022,10.3057,5.8628,57000,
16:29:25:752220424,2200000|2200000|2100000|2200000,27.2644,10.5499,6.0654,56000,
16:29:26:256126533,2200000|2200000|2200000|2000000,26.8157,10.0682,5.9812,55000,
16:29:26:760507897,2000000|2000000|2200000|2200000,26.6749,9.9611,5.9590,56000,
16:29:27:265737913,1900000|2200000|2200000|2100000,26.9765,10.2404,5.9826,56000,
16:29:27:767761175,2200000|2200000|1900000|2200000,26.0938,9.4410,5.8973,56000,
16:29:28:273141387,2200000|2200000|2200000|2200000,26.4842,9.7943,5.9432,55000,
16:29:28:775075548,2000000|2100000|2200000|2000000,26.8824,10.2376,5.9725,56000,
16:29:29:278124055,2200000|2200000|2200000|2200000,26.2224,9.5533,5.8428,55000,
16:29:29:781164942,2200000|2100000|2200000|2200000,26.2171,9.4478,6.0082,55000,
16:29:30:283874181,2100000|2200000|1500000|1700000,26.4358,9.7742,5.9831,55000,
16:29:30:785598466,2200000|2200000|1800000|2200000,26.2073,9.5407,5.8488,56000,
16:29:31:287724817,2000000|2200000|2000000|2100000,25.6474,8.9930,5.9272,55000,
16:29:31:790451681,2200000|2200000|2200000|2200000,25.5766,8.9217,5.9061,56000,
16:29:32:292399191,2200000|2100000|2000000|2200000,25.4740,8.9080,5.8436,54000,
16:29:32:795575845,2000000|2200000|2100000|2100000,27.2320,10.4880,6.0955,56000,
16:29:33:297866129,2100000|2000000|1900000|2100000,26.9000,10.2113,6.0116,55000,
16:29:33:799443684,2200000|1900000|2100000|1900000,26.8077,10.1157,6.0161,55000,
16:29:34:301357428,1800000|2200000|2200000|2100000,26.6999,9.9665,6.0180,55000,
16:29:34:811908179,2200000|2200000|2100000|1800000,26.4062,9.6408,6.1737,55000,
16:29:35:313650298,1900000|2200000|2200000|2200000,26.8704,10.0721,6.0451,55000,
16:29:35:816472988,2100000|1800000|2200000|2200000,25.6381,8.9798,5.9392,54000,
16:29:36:318731093,2200000|2200000|2200000|2200000,25.6474,8.9503,5.9305,55000,
16:29:36:820725199,2200000|2200000|1800000|2200000,25.5611,8.9248,5.8590,55000,
16:29:37:322821052,2100000|2200000|2100000|1900000,26.1414,9.5049,5.9621,55000,
16:29:37:825435283,2000000|2100000|2200000|1900000,25.9233,9.2306,5.9176,54000,
16:29:38:328423689,1800000|2200000|1700000|2000000,26.3203,9.5489,6.0151,56000,
16:29:38:833187885,2000000|2200000|1800000|1700000,25.7669,9.0208,6.0343,55000,
16:29:39:335498336,2200000|2100000|2200000|1800000,26.5778,9.8247,5.9885,55000,
16:29:39:840189067,1800000|1600000|2200000|2200000,25.8310,9.1186,6.0103,55000,
16:29:40:343326478,2200000|1800000|2100000|2200000,25.8797,9.1559,5.9841,55000,
16:29:40:845164786,2100000|2200000|2200000|2200000,25.4746,8.7409,6.0364,55000,
16:29:41:348855986,2000000|2200000|2200000|2200000,25.6535,8.9338,5.8630,55000,
16:29:41:855292224,2100000|2200000|2200000|2200000,26.0340,9.2969,6.0327,55000,
16:29:42:359485042,2100000|2200000|2000000|2200000,26.5634,9.8425,6.1196,54000,
16:29:42:862090919,2200000|2200000|2200000|2200000,26.0381,9.3007,5.9733,55000,
16:29:43:369637400,2100000|2100000|2200000|2200000,26.0156,9.3153,5.9455,55000,
16:29:43:876157375,2000000|2200000|2100000|1700000,26.1354,9.4855,5.9424,55000,
16:29:44:380797088,2200000|2200000|2200000|2200000,26.2765,9.6770,5.9038,54000,
16:29:44:882886074,2000000|1800000|2200000|2200000,26.1294,9.4590,5.8949,55000,
16:29:45:388155296,1700000|2100000|2200000|2100000,25.9417,9.3057,5.9056,55000,
16:29:45:892550549,2100000|2200000|2100000|2200000,26.2599,9.6487,5.8799,55000,
16:29:46:394250770,2200000|2200000|2200000|2200000,26.0704,9.4646,5.8842,55000,
16:29:46:896582752,2200000|2000000|1900000|1900000,25.5953,8.9966,5.8947,54000,
16:29:47:402624014,1700000|2200000|2200000|2200000,25.9350,9.3169,5.8615,54000,
16:29:47:906083887,2100000|2000000|2000000|2200000,26.1723,9.5138,5.8625,56000,
16:29:48:408040505,2200000|2200000|2100000|2200000,27.2011,10.4656,5.9778,56000,
16:29:48:913788822,2200000|2200000|2100000|2200000,26.6926,10.0323,5.9805,56000,
16:29:49:416980466,2200000|2200000|2200000|2200000,26.1546,9.4960,5.8472,55000,
16:29:49:919337726,2100000|2100000|2200000|2100000,26.3581,9.6839,5.8688,56000,
16:29:50:428795392,2200000|2200000|2200000|2200000,25.8969,9.2304,5.8898,55000,
16:29:50:931744751,2200000|2000000|2200000|1900000,25.8231,9.1107,5.9515,54000,
16:29:51:434068938,2100000|2100000|2200000|2200000,26.0848,9.3071,5.9276,55000,
16:29:51:942422632,2100000|2100000|1700000|2100000,26.4966,9.9309,5.8802,55000,
16:29:52:444955419,2200000|2200000|2200000|2200000,25.4897,8.8517,5.9170,56000,
16:29:52:947165219,2000000|2000000|2200000|2100000,25.7655,9.0821,5.8451,54000,
16:29:53:449082839,2200000|2000000|2200000|2200000,25.5891,8.8996,5.9180,55000,
16:29:53:951050389,2200000|2200000|2200000|2200000,25.6136,9.0166,5.8828,55000,
16:29:54:460380808,2000000|2200000|2200000|1800000,25.6600,8.9906,5.9181,55000,
16:29:54:962296105,2200000|2000000|2000000|2200000,26.4010,9.7011,5.9047,55000,
16:29:55:464939246,1500000|2000000|2100000|2200000,25.4754,8.8285,5.8533,55000,
16:29:55:967411903,2200000|2200000|2200000|2200000,26.0888,9.4309,5.9601,55000,
16:29:56:469607350,2200000|2200000|2200000|1900000,25.6759,9.0447,5.8868,55000,
16:29:56:971206937,2200000|2200000|2200000|2200000,25.6534,8.9616,5.8797,54000,
16:29:57:475497859,1900000|2200000|1800000|2200000,25.8653,9.2507,5.9271,54000,
16:29:57:977477577,2100000|2200000|1800000|2100000,26.4845,9.7509,5.9789,55000,
16:29:58:479690664,2200000|2200000|2100000|2100000,26.7030,10.0421,5.9646,55000,
16:29:58:992339229,2200000|2200000|2200000|2200000,26.3205,9.6412,5.9597,55000,
16:29:59:498016117,2200000|2200000|2200000|2000000,26.0180,9.3371,5.9049,55000,
16:30:00:  1111752,2200000|1700000|2200000|2200000,26.6907,10.0446,5.9570,55000,
16:30:00:503261725,2200000|2100000|2200000|2200000,26.3746,9.7020,6.0011,55000,
16:30:01:  5180674,1900000|1900000|2000000|2200000,27.1917,10.4140,6.0819,55000,
16:30:01:509167487,2200000|2200000|2200000|2200000,26.8443,10.1783,5.9996,55000,
16:30:02: 15855371,2200000|2200000|2200000|2200000,26.9767,10.2119,5.9697,56000,
16:30:02:519216436,2200000|1400000|2200000|2200000,26.1218,9.4720,5.9123,55000,
16:30:03: 23870385,1900000|2200000|2200000|2100000,26.8136,10.1380,6.0447,55000,
16:30:03:527565613,2200000|2100000|2100000|1800000,27.7165,10.9075,6.1805,55000,
16:30:04: 29790932,2200000|2200000|2200000|2100000,27.3955,10.7103,6.0261,56000,
16:30:04:531379569,2200000|2100000|2200000|1800000,27.6229,10.9006,6.0718,55000,
16:30:05: 34858193,2200000|2200000|2100000|2000000,27.6507,10.9164,6.0716,56000,
16:30:05:536602520,2100000|2200000|2200000|1700000,28.2512,11.4913,6.0344,55000,
16:30:06: 38799087,2200000|2000000|1900000|2100000,27.8425,11.1033,6.1565,56000,
16:30:06:540746429,2200000|2200000|2100000|2000000,27.8723,11.1233,6.0199,55000,
16:30:07: 49142744,2200000|2200000|2200000|2200000,27.7417,11.0355,6.0483,55000,
16:30:07:551069443,2200000|2200000|2200000|2000000,27.5473,10.8679,5.9855,56000,
16:30:08: 52442156,2000000|2200000|2200000|1700000,27.8397,10.9989,6.0877,55000,
16:30:08:555609646,2100000|2200000|2000000|2200000,27.2099,10.4788,6.0314,56000,
16:30:09: 58993346,2100000|2200000|2200000|2000000,26.3916,9.7356,5.8769,55000,
16:30:09:565875350,2200000|2100000|2000000|2100000,26.7197,10.0190,5.8855,56000,
16:30:10: 69617905,1900000|1600000|2100000|2100000,26.6875,9.9269,6.0851,56000,
16:30:10:571172129,1900000|2100000|1400000|1500000,26.2590,9.5139,6.0046,55000,
16:30:11: 72984262,1900000|2100000|1800000|1900000,25.7170,8.9078,6.0261,56000,
16:30:11:575017895,2100000|1900000|1800000|2000000,25.7992,9.0712,6.0153,55000,
16:30:12: 78308762,1200000|1400000|2200000|2000000,26.0543,9.2788,6.0397,56000,
16:30:12:580118647,1900000|1700000|2200000|1300000,25.5694,8.7125,6.0166,55000,
16:30:13: 83543257,1800000|1300000|2000000|1800000,25.5053,8.8676,5.9323,55000,
16:30:13:586289959,2100000|1500000|1500000|1200000,25.7820,9.0855,5.9869,56000,
16:30:14: 87928387,1500000|1800000|1400000|1200000,25.7593,9.0366,5.8758,54000,
16:30:14:590502275,2200000|2100000|2200000|2200000,25.7979,9.1513,5.9350,55000,
16:30:15: 92440273,2000000|2100000|2000000|2100000,25.8538,9.2044,5.9774,55000,
16:30:15:594137051,1400000|1300000|2000000|1700000,25.6781,9.0154,5.8697,55000,
16:30:16: 96732359,1600000|2100000|2000000|1200000,25.7001,9.0992,5.8712,55000,
16:30:16:599770405,1500000|2200000|2000000|1600000,25.5888,8.9969,5.9061,55000,
